,開始日,Open,Hight,low,closed,volume,終了日,Quote asset volume,Number of trades,Taker buy base asset volume,Taker buy quote asset volume,Ignore
0,2019-05-23 09:00:00.000,0.00001595,0.00001608,0.00001561,0.00001591,41469095.00000000,2019-05-24 08:59:59.999,658.13283742,20781,20754488.00000000,329.48598442,0
1,2019-05-24 09:00:00.000,0.00001591,0.00001609,0.00001551,0.00001572,45642583.00000000,2019-05-25 08:59:59.999,723.77583226,22305,24485614.00000000,388.25706555,0
2,2019-05-25 09:00:00.000,0.00001572,0.00001593,0.00001544,0.00001555,19707204.00000000,2019-05-26 08:59:59.999,309.16509508,10056,9971530.00000000,156.45770171,0
3,2019-05-26 09:00:00.000,0.00001554,0.00001568,0.00001477,0.00001530,40785215.00000000,2019-05-27 08:59:59.999,627.04900812,21387,19459665.00000000,299.30670278,0
4,2019-05-27 09:00:00.000,0.00001530,0.00001626,0.00001508,0.00001574,54613847.00000000,2019-05-28 08:59:59.999,849.81418029,30956,25995233.00000000,404.80817235,0
5,2019-05-28 09:00:00.000,0.00001574,0.00001625,0.00001535,0.00001596,66206621.00000000,2019-05-29 08:59:59.999,1044.85309421,32817,30682900.00000000,483.98007000,0
6,2019-05-29 09:00:00.000,0.00001597,0.00001605,0.00001545,0.00001566,58883495.00000000,2019-05-30 08:59:59.999,928.37635968,25256,28448711.00000000,448.61586171,0
7,2019-05-30 09:00:00.000,0.00001568,0.00001650,0.00001528,0.00001558,102861106.00000000,2019-05-31 08:59:59.999,1636.11310733,47087,50133241.00000000,797.78716022,0
8,2019-05-31 09:00:00.000,0.00001556,0.00001572,0.00001521,0.00001560,50263536.00000000,2019-06-01 08:59:59.999,775.64205200,21745,25747609.00000000,397.44142857,0
9,2019-06-01 09:00:00.000,0.00001561,0.00001579,0.00001516,0.00001552,46451015.00000000,2019-06-02 08:59:59.999,719.08199566,19426,23837429.00000000,369.16512829,0
10,2019-06-02 09:00:00.000,0.00001552,0.00001581,0.00001546,0.00001562,42157756.00000000,2019-06-03 08:59:59.999,659.90337962,16445,21183996.00000000,331.60346146,0
11,2019-06-03 09:00:00.000,0.00001563,0.00001612,0.00001546,0.00001572,58937191.00000000,2019-06-04 08:59:59.999,926.97687437,27442,29271391.00000000,460.36793094,0
12,2019-06-04 09:00:00.000,0.00001573,0.00001583,0.00001548,0.00001574,42543699.00000000,2019-06-05 08:59:59.999,664.69909547,25211,23609243.00000000,369.03091629,0
13,2019-06-05 09:00:00.000,0.00001574,0.00001604,0.00001555,0.00001558,33664077.00000000,2019-06-06 08:59:59.999,531.35638389,20723,17455583.00000000,275.71393582,0
14,2019-06-06 09:00:00.000,0.00001558,0.00001617,0.00001552,0.00001603,44699365.00000000,2019-06-07 08:59:59.999,706.98543629,23149,22316640.00000000,352.75436391,0
15,2019-06-07 09:00:00.000,0.00001604,0.00001628,0.00001581,0.00001592,30090538.00000000,2019-06-08 08:59:59.999,482.89129593,18191,14616520.00000000,234.55499862,0
16,2019-06-08 09:00:00.000,0.00001593,0.00001601,0.00001563,0.00001568,17386780.00000000,2019-06-09 08:59:59.999,275.20303354,10654,7955729.00000000,125.93093951,0
17,2019-06-09 09:00:00.000,0.00001567,0.00001585,0.00001540,0.00001552,21448519.00000000,2019-06-10 08:59:59.999,335.21737414,12226,10914109.00000000,170.61508773,0
18,2019-06-10 09:00:00.000,0.00001552,0.00001572,0.00001536,0.00001544,35352376.00000000,2019-06-11 08:59:59.999,547.58250087,16773,19373825.00000000,300.19393292,0
19,2019-06-11 09:00:00.000,0.00001545,0.00001558,0.00001529,0.00001551,19278432.00000000,2019-06-12 08:59:59.999,297.00552028,11131,10083827.00000000,155.40977511,0
20,2019-06-12 09:00:00.000,0.00001552,0.00001579,0.00001534,0.00001563,32805426.00000000,2019-06-13 08:59:59.999,510.18221354,17459,15463767.00000000,240.57173973,0
21,2019-06-13 09:00:00.000,0.00001563,0.00001571,0.00001505,0.00001511,31055716.00000000,2019-06-14 08:59:59.999,479.32011947,16594,14486094.00000000,223.70267138,0
22,2019-06-14 09:00:00.000,0.00001510,0.00001518,0.00001422,0.00001442,43715138.00000000,2019-06-15 08:59:59.999,640.75280716,22963,22050450.00000000,322.97816362,0
23,2019-06-15 09:00:00.000,0.00001442,0.00001470,0.00001423,0.00001435,25546448.00000000,2019-06-16 08:59:59.999,368.49942534,14009,13071652.00000000,188.57165727,0
24,2019-06-16 09:00:00.000,0.00001435,0.00001459,0.00001374,0.00001446,42148150.00000000,2019-06-17 08:59:59.999,598.12401533,26597,19625309.00000000,278.62294087,0
25,2019-06-17 09:00:00.000,0.00001446,0.00001447,0.00001371,0.00001406,41507243.00000000,2019-06-18 08:59:59.999,581.40430999,21029,20708432.00000000,290.04434847,0
26,2019-06-18 09:00:00.000,0.00001405,0.00001410,0.00001357,0.00001362,36304050.00000000,2019-06-19 08:59:59.999,500.39071452,15205,18213602.00000000,251.17743186,0
27,2019-06-19 09:00:00.000,0.00001362,0.00001378,0.00001334,0.00001338,31875853.00000000,2019-06-20 08:59:59.999,432.91149077,12187,15973184.00000000,216.77654503,0
28,2019-06-20 09:00:00.000,0.00001337,0.00001342,0.00001261,0.00001272,41433416.00000000,2019-06-21 08:59:59.999,540.47081472,16115,20435116.00000000,266.72804370,0
29,2019-06-21 09:00:00.000,0.00001271,0.00001281,0.00001211,0.00001213,43401146.00000000,2019-06-22 08:59:59.999,545.25966991,17210,23150825.00000000,291.12482221,0
30,2019-06-22 09:00:00.000,0.00001212,0.00001238,0.00001123,0.00001210,86020260.00000000,2019-06-23 08:59:59.999,1022.48031192,39454,43291995.00000000,514.25992010,0
31,2019-06-23 09:00:00.000,0.00001210,0.00001239,0.00001156,0.00001176,49537667.00000000,2019-06-24 08:59:59.999,596.98751609,20349,24988593.00000000,301.13893122,0
32,2019-06-24 09:00:00.000,0.00001174,0.00001189,0.00001150,0.00001163,38833128.00000000,2019-06-25 08:59:59.999,453.42493068,12668,19684384.00000000,229.82614634,0
33,2019-06-25 09:00:00.000,0.00001163,0.00001167,0.00001044,0.00001049,68131888.00000000,2019-06-26 08:59:59.999,753.00111987,24042,39006666.00000000,430.20681286,0
34,2019-06-26 09:00:00.000,0.00001048,0.00001053,0.00000916,0.00000940,144650207.00000000,2019-06-27 08:59:59.999,1439.94296993,54781,79528805.00000000,792.20038465,0
35,2019-06-27 09:00:00.000,0.00000940,0.00001015,0.00000912,0.00000965,136261027.00000000,2019-06-28 08:59:59.999,1294.41254946,48285,69285994.00000000,659.05318660,0
36,2019-06-28 09:00:00.000,0.00000962,0.00000993,0.00000889,0.00000900,60199106.00000000,2019-06-29 08:59:59.999,566.28998704,18659,30932372.00000000,291.06946652,0
37,2019-06-29 09:00:00.000,0.00000900,0.00000979,0.00000898,0.00000967,63955701.00000000,2019-06-30 08:59:59.999,595.06560680,17797,32180486.00000000,299.00062757,0
38,2019-06-30 09:00:00.000,0.00000965,0.00000970,0.00000933,0.00000968,53657145.00000000,2019-07-01 08:59:59.999,510.14414912,13873,29388433.00000000,279.54723139,0
39,2019-07-01 09:00:00.000,0.00000966,0.00001021,0.00000963,0.00000998,70497073.00000000,2019-07-02 08:59:59.999,696.98738815,18959,34572223.00000000,341.78291834,0
40,2019-07-02 09:00:00.000,0.00000998,0.00001036,0.00000936,0.00000948,75176494.00000000,2019-07-03 08:59:59.999,749.09748112,20317,38686056.00000000,385.09409658,0
41,2019-07-03 09:00:00.000,0.00000948,0.00000949,0.00000875,0.00000884,51478671.00000000,2019-07-04 08:59:59.999,469.61016935,15193,26317023.00000000,240.38709411,0
42,2019-07-04 09:00:00.000,0.00000884,0.00000904,0.00000863,0.00000888,49794378.00000000,2019-07-05 08:59:59.999,437.53968432,13943,25566984.00000000,224.74508851,0
43,2019-07-05 09:00:00.000,0.00000888,0.00000925,0.00000884,0.00000911,41731585.00000000,2019-07-06 08:59:59.999,376.09427068,12201,20439915.00000000,184.25294144,0
44,2019-07-06 09:00:00.000,0.00000910,0.00000938,0.00000884,0.00000923,36066325.00000000,2019-07-07 08:59:59.999,326.63041568,10863,18616858.00000000,168.61013635,0
45,2019-07-07 09:00:00.000,0.00000921,0.00000933,0.00000910,0.00000924,28028134.00000000,2019-07-08 08:59:59.999,257.84851226,8306,13803194.00000000,127.00777279,0
46,2019-07-08 09:00:00.000,0.00000925,0.00000927,0.00000842,0.00000849,35361092.00000000,2019-07-09 08:59:59.999,311.63595873,11037,18345223.00000000,161.68360251,0
47,2019-07-09 09:00:00.000,0.00000849,0.00000857,0.00000800,0.00000807,45811434.00000000,2019-07-10 08:59:59.999,375.86834611,16952,23530738.00000000,193.12063792,0
48,2019-07-10 09:00:00.000,0.00000807,0.00000810,0.00000746,0.00000783,66300770.00000000,2019-07-11 08:59:59.999,509.40737649,22266,37501976.00000000,288.05792582,0
49,2019-07-11 09:00:00.000,0.00000783,0.00000801,0.00000758,0.00000765,41703918.00000000,2019-07-12 08:59:59.999,322.46737220,15898,21473768.00000000,165.96595261,0
50,2019-07-12 09:00:00.000,0.00000766,0.00000870,0.00000764,0.00000832,78214094.00000000,2019-07-13 08:59:59.999,648.22330365,27177,38017318.00000000,314.91243019,0
51,2019-07-13 09:00:00.000,0.00000831,0.00000856,0.00000820,0.00000846,40195670.00000000,2019-07-14 08:59:59.999,336.90696743,14748,21122373.00000000,177.08520710,0
52,2019-07-14 09:00:00.000,0.00000846,0.00000860,0.00000816,0.00000840,44443042.00000000,2019-07-15 08:59:59.999,372.01302342,16251,22315243.00000000,186.82255256,0
53,2019-07-15 09:00:00.000,0.00000840,0.00000850,0.00000780,0.00000790,46314717.00000000,2019-07-16 08:59:59.999,380.49888122,16876,22518150.00000000,185.21412312,0
54,2019-07-16 09:00:00.000,0.00000790,0.00000835,0.00000787,0.00000831,40898016.00000000,2019-07-17 08:59:59.999,332.20239661,15954,20675246.00000000,167.95628142,0
55,2019-07-17 09:00:00.000,0.00000830,0.00000862,0.00000822,0.00000833,50597630.00000000,2019-07-18 08:59:59.999,423.38539755,17584,28942573.00000000,242.25827810,0
56,2019-07-18 09:00:00.000,0.00000834,0.00000965,0.00000822,0.00000831,116115766.00000000,2019-07-19 08:59:59.999,1021.51268388,45436,55089593.00000000,485.12881518,0
57,2019-07-19 09:00:00.000,0.00000830,0.00000904,0.00000824,0.00000889,60741512.00000000,2019-07-20 08:59:59.999,524.98368219,29333,29185214.00000000,252.21315259,0
58,2019-07-20 09:00:00.000,0.00000888,0.00000908,0.00000870,0.00000883,49988325.00000000,2019-07-21 08:59:59.999,441.30557223,21266,24338702.00000000,214.97843689,0
59,2019-07-21 09:00:00.000,0.00000883,0.00000884,0.00000853,0.00000862,27887611.00000000,2019-07-22 08:59:59.999,241.69849981,12885,12559304.00000000,108.87265640,0
60,2019-07-22 09:00:00.000,0.00000860,0.00000869,0.00000842,0.00000857,31606749.00000000,2019-07-23 08:59:59.999,270.09670084,13287,15875149.00000000,135.70252396,0
61,2019-07-23 09:00:00.000,0.00000858,0.00000860,0.00000830,0.00000854,22932273.00000000,2019-07-24 08:59:59.999,194.43937598,10648,11487944.00000000,97.43930505,0
62,2019-07-24 09:00:00.000,0.00000854,0.00000884,0.00000844,0.00000879,21563929.00000000,2019-07-25 08:59:59.999,186.01718049,11185,11429521.00000000,98.68294161,0
63,2019-07-25 09:00:00.000,0.00000880,0.00000885,0.00000850,0.00000867,20345196.00000000,2019-07-26 08:59:59.999,175.34599722,10517,9222690.00000000,79.51621283,0
64,2019-07-26 09:00:00.000,0.00000866,0.00000914,0.00000860,0.00000895,24638273.00000000,2019-07-27 08:59:59.999,217.92361404,11051,12231697.00000000,108.17080327,0
65,2019-07-27 09:00:00.000,0.00000894,0.00000895,0.00000866,0.00000888,20233238.00000000,2019-07-28 08:59:59.999,178.18818514,9542,8833695.00000000,77.84136855,0
66,2019-07-28 09:00:00.000,0.00000888,0.00000893,0.00000873,0.00000882,12803091.00000000,2019-07-29 08:59:59.999,112.90800034,6208,5990808.00000000,52.84447843,0
67,2019-07-29 09:00:00.000,0.00000880,0.00000885,0.00000871,0.00000876,11046709.00000000,2019-07-30 08:59:59.999,96.92909733,5639,5227332.00000000,45.88820058,0
68,2019-07-30 09:00:00.000,0.00000875,0.00000882,0.00000864,0.00000871,12889778.00000000,2019-07-31 08:59:59.999,112.47291938,6914,6235888.00000000,54.42859419,0
69,2019-07-31 09:00:00.000,0.00000871,0.00000872,0.00000823,0.00000833,18366063.00000000,2019-08-01 08:59:59.999,155.76156534,10351,7957142.00000000,67.54195060,0
70,2019-08-01 09:00:00.000,0.00000832,0.00000839,0.00000787,0.00000797,14783910.00000000,2019-08-02 08:59:59.999,120.89170104,8958,7108010.00000000,58.18477707,0
71,2019-08-02 09:00:00.000,0.00000798,0.00000799,0.00000775,0.00000779,15719048.00000000,2019-08-03 08:59:59.999,123.76785612,8809,7203727.00000000,56.74885305,0
72,2019-08-03 09:00:00.000,0.00000779,0.00000780,0.00000756,0.00000762,19138408.00000000,2019-08-04 08:59:59.999,146.17602341,8023,10911094.00000000,83.35419530,0
73,2019-08-04 09:00:00.000,0.00000762,0.00000773,0.00000744,0.00000749,15459901.00000000,2019-08-05 08:59:59.999,117.15356412,7774,9078590.00000000,68.89480462,0
74,2019-08-05 09:00:00.000,0.00000748,0.00000748,0.00000691,0.00000697,29000838.00000000,2019-08-06 08:59:59.999,205.26313505,13790,14840611.00000000,104.90446514,0
75,2019-08-06 09:00:00.000,0.00000696,0.00000700,0.00000661,0.00000683,30394649.00000000,2019-08-07 08:59:59.999,206.01989427,13953,18623882.00000000,126.34614564,0
76,2019-08-07 09:00:00.000,0.00000682,0.00000685,0.00000648,0.00000657,15656177.00000000,2019-08-08 08:59:59.999,104.06199096,8612,7861965.00000000,52.25019778,0
77,2019-08-08 09:00:00.000,0.00000657,0.00000666,0.00000640,0.00000642,16216090.00000000,2019-08-09 08:59:59.999,105.87108520,8146,8251183.00000000,53.91592940,0
78,2019-08-09 09:00:00.000,0.00000641,0.00000646,0.00000601,0.00000605,21356032.00000000,2019-08-10 08:59:59.999,133.12174271,9835,10591513.00000000,65.95183116,0
79,2019-08-10 09:00:00.000,0.00000604,0.00000655,0.00000603,0.00000652,19240952.00000000,2019-08-11 08:59:59.999,121.89050493,8293,11536164.00000000,73.08116059,0
80,2019-08-11 09:00:00.000,0.00000653,0.00000702,0.00000648,0.00000679,18806660.00000000,2019-08-12 08:59:59.999,127.27199639,9262,8914594.00000000,60.30601967,0
81,2019-08-12 09:00:00.000,0.00000678,0.00000683,0.00000660,0.00000663,12132525.00000000,2019-08-13 08:59:59.999,81.09394089,5712,6207994.00000000,41.49628080,0
82,2019-08-13 09:00:00.000,0.00000663,0.00000689,0.00000658,0.00000684,17459391.00000000,2019-08-14 08:59:59.999,117.29075148,7711,7900225.00000000,53.16631897,0
83,2019-08-14 09:00:00.000,0.00000684,0.00000705,0.00000665,0.00000689,25041024.00000000,2019-08-15 08:59:59.999,172.13445869,13570,12592305.00000000,86.62437211,0
84,2019-08-15 09:00:00.000,0.00000690,0.00000693,0.00000668,0.00000682,13136041.00000000,2019-08-16 08:59:59.999,89.43271413,7662,6279861.00000000,42.80494852,0
85,2019-08-16 09:00:00.000,0.00000682,0.00000691,0.00000655,0.00000662,15897935.00000000,2019-08-17 08:59:59.999,106.97756308,8265,7899655.00000000,53.10216390,0
86,2019-08-17 09:00:00.000,0.00000661,0.00000669,0.00000656,0.00000664,11254773.00000000,2019-08-18 08:59:59.999,74.59026878,5569,5749075.00000000,38.13007078,0
87,2019-08-18 09:00:00.000,0.00000663,0.00000686,0.00000661,0.00000686,11356283.00000000,2019-08-19 08:59:59.999,76.72804739,5753,5573652.00000000,37.70173292,0
88,2019-08-19 09:00:00.000,0.00000686,0.00000686,0.00000656,0.00000657,10239904.00000000,2019-08-20 08:59:59.999,68.46865157,5909,4735302.00000000,31.71370459,0
89,2019-08-20 09:00:00.000,0.00000657,0.00000659,0.00000639,0.00000640,10087984.00000000,2019-08-21 08:59:59.999,65.34596128,5115,5950965.00000000,38.53354631,0
90,2019-08-21 09:00:00.000,0.00000639,0.00000668,0.00000635,0.00000661,14822678.00000000,2019-08-22 08:59:59.999,97.14866381,6688,8084434.00000000,52.98701934,0
91,2019-08-22 09:00:00.000,0.00000661,0.00000684,0.00000660,0.00000676,20324785.00000000,2019-08-23 08:59:59.999,136.50912934,9158,10433533.00000000,70.07283549,0
92,2019-08-23 09:00:00.000,0.00000676,0.00000678,0.00000660,0.00000666,12605220.00000000,2019-08-24 08:59:59.999,84.25072002,6398,6535724.00000000,43.69354428,0
93,2019-08-24 09:00:00.000,0.00000665,0.00000701,0.00000665,0.00000694,19051356.00000000,2019-08-25 08:59:59.999,130.47576188,9096,9143988.00000000,62.62035468,0
94,2019-08-25 09:00:00.000,0.00000694,0.00000714,0.00000681,0.00000684,16939645.00000000,2019-08-26 08:59:59.999,118.09442427,8124,7684909.00000000,53.59132014,0
95,2019-08-26 09:00:00.000,0.00000683,0.00000684,0.00000669,0.00000671,12496197.00000000,2019-08-27 08:59:59.999,84.28521808,6871,6296179.00000000,42.49050480,0
96,2019-08-27 09:00:00.000,0.00000670,0.00000675,0.00000666,0.00000673,8933859.00000000,2019-08-28 08:59:59.999,59.86738296,5068,4546125.00000000,30.48422532,0
97,2019-08-28 09:00:00.000,0.00000672,0.00000674,0.00000651,0.00000658,14138157.00000000,2019-08-29 08:59:59.999,93.53158400,7838,6806075.00000000,45.08754396,0
98,2019-08-29 09:00:00.000,0.00000659,0.00000663,0.00000642,0.00000650,21137284.00000000,2019-08-30 08:59:59.999,137.53951273,9486,10871642.00000000,70.78395225,0
99,2019-08-30 09:00:00.000,0.00000649,0.00000664,0.00000636,0.00000647,11656067.00000000,2019-08-31 08:59:59.999,75.99543208,6303,5541994.00000000,36.17699952,0
100,2019-08-31 09:00:00.000,0.00000647,0.00000653,0.00000638,0.00000645,8168163.00000000,2019-09-01 08:59:59.999,52.77686509,3888,4231357.00000000,27.38692384,0
101,2019-09-01 09:00:00.000,0.00000646,0.00000650,0.00000636,0.00000639,4755078.00000000,2019-09-02 08:59:59.999,30.57490459,3353,2299079.00000000,14.79152316,0
102,2019-09-02 09:00:00.000,0.00000639,0.00000640,0.00000606,0.00000608,14112288.00000000,2019-09-03 08:59:59.999,88.16116503,6332,6829058.00000000,42.65142088,0
103,2019-09-03 09:00:00.000,0.00000608,0.00000612,0.00000588,0.00000595,15970651.00000000,2019-09-04 08:59:59.999,95.58021355,6716,9040284.00000000,54.10551388,0
104,2019-09-04 09:00:00.000,0.00000594,0.00000597,0.00000574,0.00000584,12379037.00000000,2019-09-05 08:59:59.999,72.91144328,5125,6166861.00000000,36.36714793,0
105,2019-09-05 09:00:00.000,0.00000584,0.00000588,0.00000568,0.00000570,12841891.00000000,2019-09-06 08:59:59.999,74.10430532,5038,6797621.00000000,39.25354611,0
106,2019-09-06 09:00:00.000,0.00000570,0.00000571,0.00000555,0.00000563,15372674.00000000,2019-09-07 08:59:59.999,86.56882886,6389,8346050.00000000,47.01312007,0
107,2019-09-07 09:00:00.000,0.00000563,0.00000584,0.00000561,0.00000578,15973315.00000000,2019-09-08 08:59:59.999,91.61853299,4858,7072916.00000000,40.62303877,0
108,2019-09-08 09:00:00.000,0.00000578,0.00000592,0.00000578,0.00000587,9466493.00000000,2019-09-09 08:59:59.999,55.37132487,4902,4961032.00000000,29.00995100,0
109,2019-09-09 09:00:00.000,0.00000587,0.00000597,0.00000580,0.00000584,18982588.00000000,2019-09-10 08:59:59.999,111.70654758,8167,9163690.00000000,53.98662835,0
110,2019-09-10 09:00:00.000,0.00000584,0.00000596,0.00000584,0.00000590,13385095.00000000,2019-09-11 08:59:59.999,79.08062944,7887,6476874.00000000,38.29338439,0
111,2019-09-11 09:00:00.000,0.00000590,0.00000593,0.00000574,0.00000577,11399268.00000000,2019-09-12 08:59:59.999,66.66067640,5381,5245691.00000000,30.68780030,0
112,2019-09-12 09:00:00.000,0.00000578,0.00000580,0.00000555,0.00000561,18147621.00000000,2019-09-13 08:59:59.999,102.92303240,6909,8670458.00000000,49.24727454,0
113,2019-09-13 09:00:00.000,0.00000561,0.00000570,0.00000556,0.00000558,15229361.00000000,2019-09-14 08:59:59.999,85.84317477,6102,7791318.00000000,43.93668732,0
114,2019-09-14 09:00:00.000,0.00000559,0.00000574,0.00000555,0.00000567,27650947.00000000,2019-09-15 08:59:59.999,155.50695386,7804,15923097.00000000,89.55365333,0
115,2019-09-15 09:00:00.000,0.00000568,0.00000571,0.00000564,0.00000565,7242551.00000000,2019-09-16 08:59:59.999,41.14430390,3441,3106201.00000000,17.66339280,0
116,2019-09-16 09:00:00.000,0.00000565,0.00000577,0.00000564,0.00000571,14517365.00000000,2019-09-17 08:59:59.999,83.00586900,5748,6024361.00000000,34.46637458,0
117,2019-09-17 09:00:00.000,0.00000573,0.00000653,0.00000567,0.00000623,52853214.00000000,2019-09-18 08:59:59.999,321.45042198,16753,25585814.00000000,156.10685306,0
118,2019-09-18 09:00:00.000,0.00000623,0.00000872,0.00000622,0.00000814,304783415.00000000,2019-09-19 08:59:59.999,2377.45233000,92223,152692788.00000000,1189.31985502,0
119,2019-09-19 09:00:00.000,0.00000814,0.00000898,0.00000755,0.00000788,325491377.00000000,2019-09-20 08:59:59.999,2681.13842670,90438,161867432.00000000,1336.48684563,0
120,2019-09-20 09:00:00.000,0.00000788,0.00000788,0.00000688,0.00000709,184460616.00000000,2019-09-21 08:59:59.999,1345.99228200,39593,89981640.00000000,657.80611734,0
121,2019-09-21 09:00:00.000,0.00000708,0.00000728,0.00000692,0.00000697,104448266.00000000,2019-09-22 08:59:59.999,743.93769002,20590,52128736.00000000,371.71417483,0
122,2019-09-22 09:00:00.000,0.00000698,0.00000699,0.00000668,0.00000681,61965180.00000000,2019-09-23 08:59:59.999,423.12470925,16638,28139702.00000000,192.24516083,0
123,2019-09-23 09:00:00.000,0.00000681,0.00000698,0.00000640,0.00000656,75033635.00000000,2019-09-24 08:59:59.999,504.79770411,22004,32241660.00000000,217.22884419,0
124,2019-09-24 09:00:00.000,0.00000656,0.00000667,0.00000606,0.00000619,98878128.00000000,2019-09-25 08:59:59.999,628.23408718,31978,46103920.00000000,293.39814376,0
125,2019-09-25 09:00:00.000,0.00000620,0.00000695,0.00000613,0.00000680,79420887.00000000,2019-09-26 08:59:59.999,516.06045726,22564,41862694.00000000,272.47727385,0
126,2019-09-26 09:00:00.000,0.00000679,0.00000739,0.00000679,0.00000725,130997272.00000000,2019-09-27 08:59:59.999,931.14912680,40102,62654908.00000000,446.15135245,0
127,2019-09-27 09:00:00.000,0.00000724,0.00000742,0.00000706,0.00000720,57311464.00000000,2019-09-28 08:59:59.999,413.99058686,18578,26961588.00000000,194.92693160,0
128,2019-09-28 09:00:00.000,0.00000719,0.00000725,0.00000708,0.00000711,29140958.00000000,2019-09-29 08:59:59.999,208.70975444,8857,13441482.00000000,96.28179870,0
129,2019-09-29 09:00:00.000,0.00000711,0.00000723,0.00000708,0.00000720,22662040.00000000,2019-09-30 08:59:59.999,162.06345027,7091,10630509.00000000,76.10254214,0
130,2019-09-30 09:00:00.000,0.00000720,0.00000766,0.00000718,0.00000746,74621912.00000000,2019-10-01 08:59:59.999,553.77480213,21614,35267831.00000000,261.71622130,0
131,2019-10-01 09:00:00.000,0.00000746,0.00000748,0.00000694,0.00000706,54003815.00000000,2019-10-02 08:59:59.999,386.98851492,14973,24077907.00000000,172.57962174,0
132,2019-10-02 09:00:00.000,0.00000706,0.00000724,0.00000698,0.00000713,26260474.00000000,2019-10-03 08:59:59.999,186.92508760,9721,14019523.00000000,99.82719198,0
133,2019-10-03 09:00:00.000,0.00000713,0.00000725,0.00000706,0.00000711,20775507.00000000,2019-10-04 08:59:59.999,148.44863451,7911,8039121.00000000,57.51749018,0
134,2019-10-04 09:00:00.000,0.00000711,0.00000733,0.00000709,0.00000720,27452129.00000000,2019-10-05 08:59:59.999,198.70340990,9404,13652501.00000000,98.79947654,0
135,2019-10-05 09:00:00.000,0.00000721,0.00000731,0.00000718,0.00000726,17305593.00000000,2019-10-06 08:59:59.999,125.50682907,6127,8648469.00000000,62.78192021,0
136,2019-10-06 09:00:00.000,0.00000726,0.00000745,0.00000724,0.00000742,22360293.00000000,2019-10-07 08:59:59.999,163.91798098,9516,12247763.00000000,89.83637248,0
137,2019-10-07 09:00:00.000,0.00000743,0.00000787,0.00000742,0.00000758,61731279.00000000,2019-10-08 08:59:59.999,472.24804009,20611,28208151.00000000,215.96038147,0
138,2019-10-08 09:00:00.000,0.00000758,0.00000767,0.00000744,0.00000756,30835526.00000000,2019-10-09 08:59:59.999,233.00009188,12831,13269674.00000000,100.29900837,0
139,2019-10-09 09:00:00.000,0.00000755,0.00000785,0.00000724,0.00000736,53785558.00000000,2019-10-10 08:59:59.999,406.66772709,19256,25333352.00000000,191.70772212,0
140,2019-10-10 09:00:00.000,0.00000736,0.00000739,0.00000712,0.00000719,24912297.00000000,2019-10-11 08:59:59.999,180.06951087,9471,11739173.00000000,84.87756719,0
141,2019-10-11 09:00:00.000,0.00000719,0.00000734,0.00000705,0.00000722,38251584.00000000,2019-10-12 08:59:59.999,275.67351822,11435,18186887.00000000,131.15819979,0
142,2019-10-12 09:00:00.000,0.00000723,0.00000740,0.00000722,0.00000732,18589849.00000000,2019-10-13 08:59:59.999,136.32398476,6928,9487920.00000000,69.62216070,0
143,2019-10-13 09:00:00.000,0.00000732,0.00000749,0.00000729,0.00000741,20053122.00000000,2019-10-14 08:59:59.999,148.37909570,6865,10528703.00000000,78.00944191,0
144,2019-10-14 09:00:00.000,0.00000742,0.00000793,0.00000738,0.00000792,44828721.00000000,2019-10-15 08:59:59.999,342.59686531,14619,23478985.00000000,179.56193356,0
145,2019-10-15 09:00:00.000,0.00000792,0.00000801,0.00000764,0.00000784,52177798.00000000,2019-10-16 08:59:59.999,407.37908138,16729,25957714.00000000,203.00824493,0
146,2019-10-16 09:00:00.000,0.00000784,0.00000789,0.00000760,0.00000771,32448770.00000000,2019-10-17 08:59:59.999,250.46046397,11391,15382017.00000000,118.88018746,0
147,2019-10-17 09:00:00.000,0.00000772,0.00000807,0.00000765,0.00000807,44442217.00000000,2019-10-18 08:59:59.999,352.02019188,14081,22314767.00000000,176.89126523,0
148,2019-10-18 09:00:00.000,0.00000806,0.00000808,0.00000784,0.00000792,27930979.00000000,2019-10-19 08:59:59.999,222.03998540,8150,11182966.00000000,88.88718646,0
149,2019-10-19 09:00:00.000,0.00000792,0.00000801,0.00000781,0.00000785,21010484.00000000,2019-10-20 08:59:59.999,165.96472966,6550,10572600.00000000,83.56354570,0
150,2019-10-20 09:00:00.000,0.00000784,0.00000793,0.00000765,0.00000768,19282952.00000000,2019-10-21 08:59:59.999,150.58196215,6628,8344394.00000000,65.19392298,0
151,2019-10-21 09:00:00.000,0.00000768,0.00000785,0.00000761,0.00000779,19339569.00000000,2019-10-22 08:59:59.999,148.99923192,6457,8937796.00000000,68.90255140,0
152,2019-10-22 09:00:00.000,0.00000780,0.00000795,0.00000771,0.00000786,25255282.00000000,2019-10-23 08:59:59.999,198.07812977,7263,13546007.00000000,106.36637855,0
153,2019-10-23 09:00:00.000,0.00000788,0.00000803,0.00000770,0.00000802,31056764.00000000,2019-10-24 08:59:59.999,243.29894155,12712,16385795.00000000,128.50271650,0
154,2019-10-24 09:00:00.000,0.00000802,0.00000826,0.00000790,0.00000811,44329052.00000000,2019-10-25 08:59:59.999,358.68841914,14116,21194190.00000000,171.50418431,0
155,2019-10-25 09:00:00.000,0.00000811,0.00000814,0.00000741,0.00000742,55962960.00000000,2019-10-26 08:59:59.999,432.06481971,17348,22663103.00000000,175.18903031,0
156,2019-10-26 09:00:00.000,0.00000742,0.00000745,0.00000646,0.00000678,73529956.00000000,2019-10-27 08:59:59.999,504.50646115,22635,35862425.00000000,245.97946954,0
157,2019-10-27 09:00:00.000,0.00000679,0.00000693,0.00000656,0.00000685,44294962.00000000,2019-10-28 08:59:59.999,298.73589522,13420,23697384.00000000,159.81610201,0
158,2019-10-28 09:00:00.000,0.00000684,0.00000710,0.00000680,0.00000701,52563717.00000000,2019-10-29 08:59:59.999,364.61645893,15909,24971094.00000000,173.12477039,0
159,2019-10-29 09:00:00.000,0.00000701,0.00000742,0.00000689,0.00000708,52413100.00000000,2019-10-30 08:59:59.999,374.43330406,16476,25338360.00000000,180.95791572,0
160,2019-10-30 09:00:00.000,0.00000708,0.00000717,0.00000686,0.00000697,45574699.00000000,2019-10-31 08:59:59.999,320.26539822,13343,25964136.00000000,182.68001141,0
161,2019-10-31 09:00:00.000,0.00000697,0.00000713,0.00000680,0.00000712,48990301.00000000,2019-11-01 08:59:59.999,341.09433258,12042,25389916.00000000,176.94796219,0
162,2019-11-01 09:00:00.000,0.00000712,0.00000797,0.00000709,0.00000748,204810064.00000000,2019-11-02 08:59:59.999,1556.88660636,43211,91056092.00000000,691.97971169,0
163,2019-11-02 09:00:00.000,0.00000748,0.00000772,0.00000743,0.00000767,64752539.00000000,2019-11-03 08:59:59.999,489.78616061,16315,33691766.00000000,254.94474042,0
164,2019-11-03 09:00:00.000,0.00000767,0.00000772,0.00000740,0.00000746,54934951.00000000,2019-11-04 08:59:59.999,413.26285963,13743,24211308.00000000,182.21993823,0
165,2019-11-04 09:00:00.000,0.00000745,0.00000846,0.00000739,0.00000845,100175282.00000000,2019-11-05 08:59:59.999,778.90194667,21533,45349501.00000000,353.67432349,0
166,2019-11-05 09:00:00.000,0.00000846,0.00000951,0.00000845,0.00000884,423443614.00000000,2019-11-06 08:59:59.999,3740.31315974,88906,202683047.00000000,1791.90402441,0
167,2019-11-06 09:00:00.000,0.00000883,0.00000890,0.00000820,0.00000822,119750861.00000000,2019-11-07 08:59:59.999,1015.17773894,36891,51960419.00000000,440.35529902,0
168,2019-11-07 09:00:00.000,0.00000822,0.00000825,0.00000789,0.00000806,114131412.00000000,2019-11-08 08:59:59.999,920.09993519,31131,52064639.00000000,420.00283101,0
169,2019-11-08 09:00:00.000,0.00000805,0.00000832,0.00000782,0.00000810,81875312.00000000,2019-11-09 08:59:59.999,663.77031157,23843,36496365.00000000,296.45413264,0
170,2019-11-09 09:00:00.000,0.00000810,0.00000831,0.00000807,0.00000831,23425390.00000000,2019-11-10 08:59:59.999,192.30448439,10511,12205715.00000000,100.29266261,0
171,2019-11-10 09:00:00.000,0.00000831,0.00000901,0.00000830,0.00000874,118015694.00000000,2019-11-11 08:59:59.999,1028.54812894,39427,59027979.00000000,514.29380841,0
172,2019-11-11 09:00:00.000,0.00000874,0.00000928,0.00000866,0.00000917,99125360.00000000,2019-11-12 08:59:59.999,892.63263321,33027,49323866.00000000,445.04205499,0
173,2019-11-12 09:00:00.000,0.00000917,0.00000942,0.00000861,0.00000872,178701662.00000000,2019-11-13 08:59:59.999,1597.69202321,52339,87225073.00000000,780.26930864,0
174,2019-11-13 09:00:00.000,0.00000872,0.00000882,0.00000858,0.00000867,35301722.00000000,2019-11-14 08:59:59.999,308.24517441,13885,16543780.00000000,144.60118306,0
175,2019-11-14 09:00:00.000,0.00000868,0.00000868,0.00000840,0.00000857,34713909.00000000,2019-11-15 08:59:59.999,295.50684127,15032,15633277.00000000,133.02290182,0
176,2019-11-15 09:00:00.000,0.00000857,0.00000866,0.00000834,0.00000851,40220796.00000000,2019-11-16 08:59:59.999,341.82463730,17513,19065037.00000000,162.19477300,0
177,2019-11-16 09:00:00.000,0.00000851,0.00000852,0.00000837,0.00000839,22513383.00000000,2019-11-17 08:59:59.999,189.97214621,10268,11002169.00000000,92.86373906,0
178,2019-11-17 09:00:00.000,0.00000839,0.00000860,0.00000836,0.00000842,23841718.00000000,2019-11-18 08:59:59.999,202.02562805,12269,12664361.00000000,107.38122354,0
179,2019-11-18 09:00:00.000,0.00000842,0.00000845,0.00000796,0.00000818,51057965.00000000,2019-11-19 08:59:59.999,417.73854321,23158,23107622.00000000,189.00022341,0
180,2019-11-19 09:00:00.000,0.00000818,0.00000819,0.00000787,0.00000807,40115782.00000000,2019-11-20 08:59:59.999,320.65769996,17885,16743931.00000000,133.89328755,0
181,2019-11-20 09:00:00.000,0.00000807,0.00000815,0.00000788,0.00000790,19405980.00000000,2019-11-21 08:59:59.999,155.42370187,11917,8894087.00000000,71.28479540,0
182,2019-11-21 09:00:00.000,0.00000791,0.00000799,0.00000759,0.00000796,48365886.00000000,2019-11-22 08:59:59.999,376.29949380,20641,22705344.00000000,176.65371712,0
183,2019-11-22 09:00:00.000,0.00000795,0.00000824,0.00000773,0.00000814,56248242.00000000,2019-11-23 08:59:59.999,445.70864856,30019,29598351.00000000,234.78784199,0
184,2019-11-23 09:00:00.000,0.00000814,0.00000853,0.00000802,0.00000840,49953084.00000000,2019-11-24 08:59:59.999,415.91128606,24234,24561053.00000000,204.60047550,0
185,2019-11-24 09:00:00.000,0.00000840,0.00000846,0.00000801,0.00000804,28389600.00000000,2019-11-25 08:59:59.999,232.47101650,18325,12632204.00000000,103.41447969,0
186,2019-11-25 09:00:00.000,0.00000804,0.00000843,0.00000799,0.00000805,35921530.00000000,2019-11-26 08:59:59.999,294.09883913,21273,17303028.00000000,141.80556006,0
187,2019-11-26 09:00:00.000,0.00000805,0.00000812,0.00000787,0.00000803,26158099.00000000,2019-11-27 08:59:59.999,209.10212609,14993,11540809.00000000,92.32151022,0
188,2019-11-27 09:00:00.000,0.00000804,0.00000813,0.00000768,0.00000781,32459021.00000000,2019-11-28 08:59:59.999,257.21850749,17860,15525468.00000000,123.17210175,0
189,2019-11-28 09:00:00.000,0.00000781,0.00000783,0.00000770,0.00000780,15181844.00000000,2019-11-29 08:59:59.999,117.92514070,10400,7478389.00000000,58.15374197,0
190,2019-11-29 09:00:00.000,0.00000780,0.00000783,0.00000758,0.00000762,17590676.00000000,2019-11-30 08:59:59.999,135.44745550,10898,7217635.00000000,55.68977311,0
191,2019-11-30 09:00:00.000,0.00000762,0.00000765,0.00000753,0.00000759,13211668.00000000,2019-12-01 08:59:59.999,100.28555960,7620,7369129.00000000,55.97672859,0
192,2019-12-01 09:00:00.000,0.00000759,0.00000781,0.00000755,0.00000774,17752424.00000000,2019-12-02 08:59:59.999,136.39438702,10481,10743340.00000000,82.43756409,0
193,2019-12-02 09:00:00.000,0.00000773,0.00000781,0.00000761,0.00000765,14304906.00000000,2019-12-03 08:59:59.999,110.26420246,9761,6865917.00000000,52.96937990,0
194,2019-12-03 09:00:00.000,0.00000764,0.00000769,0.00000755,0.00000765,13366906.00000000,2019-12-04 08:59:59.999,101.85110818,8359,6696954.00000000,51.07785212,0
195,2019-12-04 09:00:00.000,0.00000765,0.00000768,0.00000738,0.00000761,28612458.00000000,2019-12-05 08:59:59.999,215.97293424,15033,13557536.00000000,102.48092657,0
196,2019-12-05 09:00:00.000,0.00000760,0.00000762,0.00000736,0.00000749,17397493.00000000,2019-12-06 08:59:59.999,130.25531975,9517,7925309.00000000,59.39814844,0
197,2019-12-06 09:00:00.000,0.00000749,0.00000751,0.00000729,0.00000735,19307763.00000000,2019-12-07 08:59:59.999,143.47911909,9593,7848140.00000000,58.37188484,0
198,2019-12-07 09:00:00.000,0.00000735,0.00000742,0.00000733,0.00000740,10203681.00000000,2019-12-08 08:59:59.999,75.37722224,5396,4588243.00000000,33.92840842,0
199,2019-12-08 09:00:00.000,0.00000740,0.00000743,0.00000736,0.00000743,11253297.00000000,2019-12-09 08:59:59.999,83.30866340,5500,4747183.00000000,35.17045150,0
200,2019-12-09 09:00:00.000,0.00000743,0.00000747,0.00000731,0.00000743,14707526.00000000,2019-12-10 08:59:59.999,108.92999658,7408,6682988.00000000,49.56124390,0
201,2019-12-10 09:00:00.000,0.00000743,0.00000744,0.00000726,0.00000736,19615955.00000000,2019-12-11 08:59:59.999,143.63907104,9512,8987713.00000000,65.88029828,0
202,2019-12-11 09:00:00.000,0.00000736,0.00000742,0.00000731,0.00000733,11809052.00000000,2019-12-12 08:59:59.999,86.98497180,6286,6468881.00000000,47.65374441,0
203,2019-12-12 09:00:00.000,0.00000732,0.00000740,0.00000714,0.00000723,26831976.00000000,2019-12-13 08:59:59.999,195.05463712,10219,14117233.00000000,102.75536545,0
204,2019-12-13 09:00:00.000,0.00000722,0.00000731,0.00000720,0.00000726,9542028.00000000,2019-12-14 08:59:59.999,69.24138782,5828,5221510.00000000,37.91917627,0
205,2019-12-14 09:00:00.000,0.00000726,0.00000730,0.00000711,0.00000720,13733826.00000000,2019-12-15 08:59:59.999,99.04470318,7913,6180660.00000000,44.63136859,0
206,2019-12-15 09:00:00.000,0.00000720,0.00000723,0.00000711,0.00000716,10307180.00000000,2019-12-16 08:59:59.999,73.98139082,6877,5274404.00000000,37.88905790,0
207,2019-12-16 09:00:00.000,0.00000716,0.00000721,0.00000680,0.00000681,33014377.00000000,2019-12-17 08:59:59.999,230.48863143,15096,14519129.00000000,101.41548047,0
208,2019-12-17 09:00:00.000,0.00000681,0.00000683,0.00000639,0.00000654,32396649.00000000,2019-12-18 08:59:59.999,214.34380325,18921,12845905.00000000,85.09909772,0
209,2019-12-18 09:00:00.000,0.00000653,0.00000674,0.00000636,0.00000639,27128201.00000000,2019-12-19 08:59:59.999,178.95138077,17122,12745507.00000000,84.19665574,0
210,2019-12-19 09:00:00.000,0.00000640,0.00000647,0.00000626,0.00000632,20547818.00000000,2019-12-20 08:59:59.999,130.14482139,11530,9020544.00000000,57.19679922,0
211,2019-12-20 09:00:00.000,0.00000632,0.00000650,0.00000630,0.00000642,23103044.00000000,2019-12-21 08:59:59.999,147.42306901,9789,10945463.00000000,69.87322143,0
212,2019-12-21 09:00:00.000,0.00000643,0.00000651,0.00000635,0.00000636,14175825.00000000,2019-12-22 08:59:59.999,91.11438952,6679,6273380.00000000,40.43254285,0
213,2019-12-22 09:00:00.000,0.00000636,0.00000645,0.00000628,0.00000630,16387248.00000000,2019-12-23 08:59:59.999,104.33345661,6991,6299047.00000000,40.17601970,0
214,2019-12-23 09:00:00.000,0.00000629,0.00000629,0.00000608,0.00000614,19454068.00000000,2019-12-24 08:59:59.999,119.68689116,9135,7313442.00000000,45.02026347,0
215,2019-12-24 09:00:00.000,0.00000614,0.00000625,0.00000610,0.00000621,11812987.00000000,2019-12-25 08:59:59.999,72.92752075,6239,5975536.00000000,36.90702051,0
216,2019-12-25 09:00:00.000,0.00000620,0.00000621,0.00000610,0.00000616,8603258.00000000,2019-12-26 08:59:59.999,52.99497212,4683,3556023.00000000,21.92811396,0
217,2019-12-26 09:00:00.000,0.00000616,0.00000624,0.00000611,0.00000620,11205014.00000000,2019-12-27 08:59:59.999,69.11488869,5476,5237660.00000000,32.34350062,0
218,2019-12-27 09:00:00.000,0.00000621,0.00000638,0.00000618,0.00000632,17756943.00000000,2019-12-28 08:59:59.999,111.54480704,7556,8941220.00000000,56.16455178,0
219,2019-12-28 09:00:00.000,0.00000632,0.00000637,0.00000625,0.00000627,13723655.00000000,2019-12-29 08:59:59.999,86.54176915,5764,5749501.00000000,36.28156998,0
220,2019-12-29 09:00:00.000,0.00000627,0.00000631,0.00000618,0.00000626,12219221.00000000,2019-12-30 08:59:59.999,76.34697417,5612,5323764.00000000,33.28568205,0
221,2019-12-30 09:00:00.000,0.00000626,0.00000638,0.00000624,0.00000629,18068825.00000000,2019-12-31 08:59:59.999,114.05359406,6871,8786937.00000000,55.46455108,0
222,2019-12-31 09:00:00.000,0.00000629,0.00000631,0.00000621,0.00000624,9227663.00000000,2020-01-01 08:59:59.999,57.78014509,4184,5095067.00000000,31.91472024,0
223,2020-01-01 09:00:00.000,0.00000624,0.00000630,0.00000622,0.00000629,7664991.00000000,2020-01-02 08:59:59.999,47.99346508,3035,3528011.00000000,22.11415272,0
224,2020-01-02 09:00:00.000,0.00000629,0.00000635,0.00000625,0.00000627,11568833.00000000,2020-01-03 08:59:59.999,72.90263039,5075,6052813.00000000,38.17223480,0
225,2020-01-03 09:00:00.000,0.00000627,0.00000631,0.00000614,0.00000622,13149883.00000000,2020-01-04 08:59:59.999,81.66685202,6848,5761035.00000000,35.80174454,0
226,2020-01-04 09:00:00.000,0.00000622,0.00000623,0.00000616,0.00000620,7743239.00000000,2020-01-05 08:59:59.999,47.97829743,3036,3668372.00000000,22.74180442,0
227,2020-01-05 09:00:00.000,0.00000621,0.00000621,0.00000610,0.00000618,11373910.00000000,2020-01-06 08:59:59.999,69.89162507,4502,5367692.00000000,33.00752794,0
228,2020-01-06 09:00:00.000,0.00000618,0.00000661,0.00000611,0.00000651,58878121.00000000,2020-01-07 08:59:59.999,378.41253398,16706,27081733.00000000,174.03554766,0
229,2020-01-07 09:00:00.000,0.00000650,0.00000652,0.00000591,0.00000594,64806342.00000000,2020-01-08 08:59:59.999,397.27631846,16738,29367505.00000000,179.66772808,0
230,2020-01-08 09:00:00.000,0.00000594,0.00000595,0.00000575,0.00000592,32249155.00000000,2020-01-09 08:59:59.999,188.67342970,10709,15548801.00000000,91.04905697,0
231,2020-01-09 09:00:00.000,0.00000592,0.00000608,0.00000592,0.00000603,15659631.00000000,2020-01-10 08:59:59.999,94.34935233,7147,8105170.00000000,48.85468445,0
232,2020-01-10 09:00:00.000,0.00000603,0.00000603,0.00000583,0.00000587,49179197.00000000,2020-01-11 08:59:59.999,290.85904531,14006,20842399.00000000,123.31668977,0
233,2020-01-11 09:00:00.000,0.00000587,0.00000607,0.00000584,0.00000602,18977649.00000000,2020-01-12 08:59:59.999,113.11827557,7563,10076998.00000000,60.09028427,0
234,2020-01-12 09:00:00.000,0.00000601,0.00000605,0.00000596,0.00000599,13142497.00000000,2020-01-13 08:59:59.999,78.91595460,5445,5697218.00000000,34.23862963,0
235,2020-01-13 09:00:00.000,0.00000599,0.00000600,0.00000589,0.00000594,12738731.00000000,2020-01-14 08:59:59.999,75.60631551,5062,6587568.00000000,39.12027480,0
236,2020-01-14 09:00:00.000,0.00000594,0.00000626,0.00000572,0.00000599,78124592.00000000,2020-01-15 08:59:59.999,465.19509396,25616,39104312.00000000,232.49658341,0
237,2020-01-15 09:00:00.000,0.00000598,0.00000641,0.00000594,0.00000620,74469930.00000000,2020-01-16 08:59:59.999,461.68181790,26308,37208003.00000000,230.89757006,0
238,2020-01-16 09:00:00.000,0.00000621,0.00000623,0.00000605,0.00000616,27120472.00000000,2020-01-17 08:59:59.999,166.39932207,11835,13479511.00000000,82.77712224,0
239,2020-01-17 09:00:00.000,0.00000616,0.00000726,0.00000611,0.00000682,148771158.00000000,2020-01-18 08:59:59.999,998.08723844,45578,74102620.00000000,497.35809820,0
240,2020-01-18 09:00:00.000,0.00000682,0.00000746,0.00000652,0.00000690,140599998.00000000,2020-01-19 08:59:59.999,988.32367757,49804,64808815.00000000,456.55537513,0
241,2020-01-19 09:00:00.000,0.00000690,0.00000727,0.00000665,0.00000690,111248715.00000000,2020-01-20 08:59:59.999,776.83730042,34233,50146772.00000000,350.65440477,0
242,2020-01-20 09:00:00.000,0.00000690,0.00000752,0.00000683,0.00000727,114786462.00000000,2020-01-21 08:59:59.999,838.03239650,35536,58840008.00000000,429.94990357,0
243,2020-01-21 09:00:00.000,0.00000726,0.00000749,0.00000716,0.00000719,49135774.00000000,2020-01-22 08:59:59.999,359.48560760,18456,23711810.00000000,173.72398994,0
244,2020-01-22 09:00:00.000,0.00000719,0.00000728,0.00000701,0.00000706,33360484.00000000,2020-01-23 08:59:59.999,239.37793428,12533,13568967.00000000,97.51617504,0
245,2020-01-23 09:00:00.000,0.00000706,0.00000711,0.00000681,0.00000692,45790125.00000000,2020-01-24 08:59:59.999,319.62196273,16242,22533864.00000000,157.45121738,0
246,2020-01-24 09:00:00.000,0.00000694,0.00000694,0.00000665,0.00000677,39566619.00000000,2020-01-25 08:59:59.999,267.88137552,14733,19680407.00000000,133.32375388,0
247,2020-01-25 09:00:00.000,0.00000677,0.00000684,0.00000668,0.00000671,18073779.00000000,2020-01-26 08:59:59.999,121.98305104,8252,7852136.00000000,53.05624046,0
248,2020-01-26 09:00:00.000,0.00000672,0.00000685,0.00000670,0.00000678,20643184.00000000,2020-01-27 08:59:59.999,140.05753508,10545,9346816.00000000,63.45794015,0
249,2020-01-27 09:00:00.000,0.00000678,0.00000692,0.00000667,0.00000670,38057618.00000000,2020-01-28 08:59:59.999,258.34978634,14503,17285451.00000000,117.39729914,0
250,2020-01-28 09:00:00.000,0.00000670,0.00000684,0.00000646,0.00000648,52681893.00000000,2020-01-29 08:59:59.999,351.02038315,18591,23949969.00000000,159.93117188,0
251,2020-01-29 09:00:00.000,0.00000647,0.00000673,0.00000645,0.00000654,40887153.00000000,2020-01-30 08:59:59.999,268.96315320,20518,19629348.00000000,129.15289948,0
252,2020-01-30 09:00:00.000,0.00000654,0.00000663,0.00000645,0.00000660,39658096.00000000,2020-01-31 08:59:59.999,258.99203859,20192,19786625.00000000,129.37460142,0
253,2020-01-31 09:00:00.000,0.00000660,0.00000666,0.00000646,0.00000649,36446824.00000000,2020-02-01 08:59:59.999,239.60970167,13462,16095210.00000000,105.98036722,0
254,2020-02-01 09:00:00.000,0.00000648,0.00000669,0.00000646,0.00000663,38325484.00000000,2020-02-02 08:59:59.999,252.39764075,13414,18609035.00000000,122.64244411,0
255,2020-02-02 09:00:00.000,0.00000663,0.00000698,0.00000654,0.00000680,73089047.00000000,2020-02-03 08:59:59.999,497.03754262,24436,36351044.00000000,247.10039104,0
256,2020-02-03 09:00:00.000,0.00000680,0.00000694,0.00000675,0.00000692,45143761.00000000,2020-02-04 08:59:59.999,308.64587800,17014,22807285.00000000,155.97006174,0
257,2020-02-04 09:00:00.000,0.00000691,0.00000732,0.00000675,0.00000722,88836934.00000000,2020-02-05 08:59:59.999,624.88155725,27264,43739188.00000000,308.41644617,0
258,2020-02-05 09:00:00.000,0.00000722,0.00000746,0.00000703,0.00000718,85834119.00000000,2020-02-06 08:59:59.999,620.31844929,28894,40623476.00000000,294.10164831,0
259,2020-02-06 09:00:00.000,0.00000719,0.00000737,0.00000699,0.00000728,82680408.00000000,2020-02-07 08:59:59.999,595.14127152,30667,40461991.00000000,291.54863880,0
260,2020-02-07 09:00:00.000,0.00000728,0.00000753,0.00000719,0.00000732,79314741.00000000,2020-02-08 08:59:59.999,585.31040980,28305,37241309.00000000,275.04697261,0
261,2020-02-08 09:00:00.000,0.00000733,0.00000736,0.00000697,0.00000716,65634610.00000000,2020-02-09 08:59:59.999,472.67179728,23504,29376678.00000000,211.78899379,0
262,2020-02-09 09:00:00.000,0.00000716,0.00000732,0.00000710,0.00000722,57835434.00000000,2020-02-10 08:59:59.999,416.96882608,21518,28792252.00000000,207.69747411,0
263,2020-02-10 09:00:00.000,0.00000722,0.00000726,0.00000699,0.00000716,51323749.00000000,2020-02-11 08:59:59.999,366.28518259,20279,23598376.00000000,168.61646989,0
264,2020-02-11 09:00:00.000,0.00000716,0.00000742,0.00000704,0.00000725,98071904.00000000,2020-02-12 08:59:59.999,708.99583993,29955,48268299.00000000,349.25570442,0
265,2020-02-12 09:00:00.000,0.00000725,0.00000798,0.00000720,0.00000775,178075908.00000000,2020-02-13 08:59:59.999,1360.85146051,58426,87571569.00000000,669.11766435,0
266,2020-02-13 09:00:00.000,0.00000775,0.00000844,0.00000772,0.00000814,202121389.00000000,2020-02-14 08:59:59.999,1640.90367578,71072,102711173.00000000,835.21388010,0
267,2020-02-14 09:00:00.000,0.00000814,0.00000848,0.00000789,0.00000838,109531255.00000000,2020-02-15 08:59:59.999,898.68327747,38440,52291801.00000000,429.65601486,0
268,2020-02-15 09:00:00.000,0.00000838,0.00000860,0.00000775,0.00000797,114693952.00000000,2020-02-16 08:59:59.999,935.64669148,45928,51560422.00000000,421.56454309,0
269,2020-02-16 09:00:00.000,0.00000797,0.00000811,0.00000687,0.00000750,130422749.00000000,2020-02-17 08:59:59.999,979.49375945,53081,61555072.00000000,462.19913945,0
270,2020-02-17 09:00:00.000,0.00000750,0.00000755,0.00000698,0.00000750,118644243.00000000,2020-02-18 08:59:59.999,860.40493217,42943,57643514.00000000,418.26505636,0
271,2020-02-18 09:00:00.000,0.00000750,0.00000764,0.00000729,0.00000747,74879598.00000000,2020-02-19 08:59:59.999,560.91965437,26170,35968763.00000000,269.60018944,0
272,2020-02-19 09:00:00.000,0.00000747,0.00000781,0.00000721,0.00000731,53722905.00000000,2020-02-20 08:59:59.999,401.94082204,20919,28612077.00000000,214.20690107,0
273,2020-02-20 09:00:00.000,0.00000730,0.00000745,0.00000711,0.00000733,61947900.00000000,2020-02-21 08:59:59.999,450.27347491,24417,29336716.00000000,213.56918072,0
274,2020-02-21 09:00:00.000,0.00000734,0.00000748,0.00000724,0.00000733,36643380.00000000,2020-02-22 08:59:59.999,270.23649368,14309,17874916.00000000,131.92308800,0
275,2020-02-22 09:00:00.000,0.00000733,0.00000741,0.00000723,0.00000729,21401710.00000000,2020-02-23 08:59:59.999,156.23693268,10051,9628377.00000000,70.32442982,0
276,2020-02-23 09:00:00.000,0.00000727,0.00000738,0.00000722,0.00000735,25426607.00000000,2020-02-24 08:59:59.999,186.13186061,8708,11747424.00000000,86.04687391,0
277,2020-02-24 09:00:00.000,0.00000735,0.00000738,0.00000706,0.00000716,29769441.00000000,2020-02-25 08:59:59.999,214.20995784,11922,12818923.00000000,92.30261103,0
278,2020-02-25 09:00:00.000,0.00000716,0.00000717,0.00000680,0.00000688,35154634.00000000,2020-02-26 08:59:59.999,245.60339561,14208,16108771.00000000,112.56289642,0
279,2020-02-26 09:00:00.000,0.00000688,0.00000691,0.00000641,0.00000668,74001387.00000000,2020-02-27 08:59:59.999,491.65060782,26903,36142271.00000000,240.17848128,0
280,2020-02-27 09:00:00.000,0.00000668,0.00000704,0.00000655,0.00000685,40348576.00000000,2020-02-28 08:59:59.999,275.91864276,21401,19113859.00000000,130.78252850,0
281,2020-02-28 09:00:00.000,0.00000685,0.00000692,0.00000664,0.00000672,37572000.00000000,2020-02-29 08:59:59.999,253.60229312,18199,17359361.00000000,117.28905254,0
282,2020-02-29 09:00:00.000,0.00000672,0.00000684,0.00000663,0.00000667,22899439.00000000,2020-03-01 08:59:59.999,154.09023689,10490,10824560.00000000,72.90506586,0
283,2020-03-01 09:00:00.000,0.00000667,0.00000678,0.00000649,0.00000654,26269338.00000000,2020-03-02 08:59:59.999,174.22198858,11273,12917546.00000000,85.79781029,0
284,2020-03-02 09:00:00.000,0.00000654,0.00000677,0.00000653,0.00000670,25526731.00000000,2020-03-03 08:59:59.999,170.45470688,11823,12370276.00000000,82.61038670,0
285,2020-03-03 09:00:00.000,0.00000669,0.00000678,0.00000661,0.00000664,26774220.00000000,2020-03-04 08:59:59.999,179.51786049,10561,12528739.00000000,84.08436296,0
286,2020-03-04 09:00:00.000,0.00000664,0.00000673,0.00000658,0.00000670,29547700.00000000,2020-03-05 08:59:59.999,196.77962011,8939,14156673.00000000,94.31356572,0
287,2020-03-05 09:00:00.000,0.00000670,0.00000681,0.00000655,0.00000659,36242946.00000000,2020-03-06 08:59:59.999,242.13723050,13166,17346730.00000000,116.04853765,0
288,2020-03-06 09:00:00.000,0.00000659,0.00000673,0.00000654,0.00000672,20142827.00000000,2020-03-07 08:59:59.999,133.46943678,9582,10795122.00000000,71.58278205,0
289,2020-03-07 09:00:00.000,0.00000672,0.00000674,0.00000653,0.00000656,24854088.00000000,2020-03-08 08:59:59.999,165.43633365,11055,12166571.00000000,81.03893689,0
290,2020-03-08 09:00:00.000,0.00000656,0.00000657,0.00000605,0.00000619,52785303.00000000,2020-03-09 08:59:59.999,334.16132594,23030,24079942.00000000,152.64733682,0
291,2020-03-09 09:00:00.000,0.00000619,0.00000661,0.00000611,0.00000661,55362661.00000000,2020-03-10 08:59:59.999,352.08132017,27977,29450033.00000000,187.56270957,0
292,2020-03-10 09:00:00.000,0.00000661,0.00000661,0.00000642,0.00000658,29529785.00000000,2020-03-11 08:59:59.999,192.73757004,16765,13512234.00000000,88.23793696,0
293,2020-03-11 09:00:00.000,0.00000659,0.00000663,0.00000623,0.00000635,27152943.00000000,2020-03-12 08:59:59.999,174.68081507,14116,12268300.00000000,79.06157174,0
294,2020-03-12 09:00:00.000,0.00000635,0.00000684,0.00000579,0.00000661,135042935.00000000,2020-03-13 08:59:59.999,846.21898256,70621,68908558.00000000,433.07891417,0
295,2020-03-13 09:00:00.000,0.00000662,0.00000719,0.00000645,0.00000709,215191163.00000000,2020-03-14 08:59:59.999,1472.65092770,119172,107996910.00000000,739.51383217,0
296,2020-03-14 09:00:00.000,0.00000711,0.00000732,0.00000704,0.00000709,40575081.00000000,2020-03-15 08:59:59.999,289.94946806,23507,20501892.00000000,146.55941686,0
297,2020-03-15 09:00:00.000,0.00000709,0.00000727,0.00000680,0.00000707,34880541.00000000,2020-03-16 08:59:59.999,247.28771396,21080,16508121.00000000,117.20017076,0
298,2020-03-16 09:00:00.000,0.00000707,0.00000724,0.00000692,0.00000703,57201041.00000000,2020-03-17 08:59:59.999,403.90679343,34098,28112190.00000000,198.77387453,0
299,2020-03-17 09:00:00.000,0.00000702,0.00000709,0.00000688,0.00000700,30738026.00000000,2020-03-18 08:59:59.999,214.19037218,17017,14549678.00000000,101.50706948,0
300,2020-03-18 09:00:00.000,0.00000700,0.00000707,0.00000672,0.00000684,39020947.00000000,2020-03-19 08:59:59.999,267.21746030,19238,16812739.00000000,115.28884640,0
301,2020-03-19 09:00:00.000,0.00000684,0.00000705,0.00000654,0.00000671,60696245.00000000,2020-03-20 08:59:59.999,410.55723848,28003,30135160.00000000,204.20889525,0
302,2020-03-20 09:00:00.000,0.00000670,0.00000675,0.00000622,0.00000642,51583309.00000000,2020-03-21 08:59:59.999,334.04098386,31339,23466584.00000000,151.98076226,0
303,2020-03-21 09:00:00.000,0.00000643,0.00000650,0.00000625,0.00000640,21422091.00000000,2020-03-22 08:59:59.999,137.09588419,13948,10213499.00000000,65.38658190,0
304,2020-03-22 09:00:00.000,0.00000640,0.00000642,0.00000620,0.00000632,27341923.00000000,2020-03-23 08:59:59.999,172.45137052,14088,12570405.00000000,79.33783149,0
305,2020-03-23 09:00:00.000,0.00000633,0.00000638,0.00000605,0.00000609,31995969.00000000,2020-03-24 08:59:59.999,198.31628624,14762,14851187.00000000,92.16880887,0
306,2020-03-24 09:00:00.000,0.00000609,0.00000613,0.00000591,0.00000598,25411791.00000000,2020-03-25 08:59:59.999,152.40459069,12148,12407486.00000000,74.48315448,0
307,2020-03-25 09:00:00.000,0.00000598,0.00000609,0.00000589,0.00000607,24511406.00000000,2020-03-26 08:59:59.999,146.89189735,10595,12790876.00000000,76.63888487,0
308,2020-03-26 09:00:00.000,0.00000607,0.00000637,0.00000601,0.00000636,20617644.00000000,2020-03-27 08:59:59.999,126.87006543,10220,10766319.00000000,66.32486370,0
309,2020-03-27 09:00:00.000,0.00000636,0.00000648,0.00000621,0.00000634,27125807.00000000,2020-03-28 08:59:59.999,171.98745217,10807,13630637.00000000,86.56794048,0
310,2020-03-28 09:00:00.000,0.00000635,0.00000649,0.00000628,0.00000640,28649751.00000000,2020-03-29 08:59:59.999,182.45798419,9741,15972683.00000000,101.73376724,0
311,2020-03-29 09:00:00.000,0.00000640,0.00000650,0.00000636,0.00000642,16198649.00000000,2020-03-30 08:59:59.999,104.47503398,8156,8409990.00000000,54.27074839,0
312,2020-03-30 09:00:00.000,0.00000641,0.00000646,0.00000617,0.00000626,25301016.00000000,2020-03-31 08:59:59.999,160.28746987,12439,12613258.00000000,80.00196947,0
313,2020-03-31 09:00:00.000,0.00000626,0.00000638,0.00000622,0.00000635,15480424.00000000,2020-04-01 08:59:59.999,97.39045299,6962,8053578.00000000,50.68868116,0
314,2020-04-01 09:00:00.000,0.00000635,0.00000643,0.00000611,0.00000614,18750318.00000000,2020-04-02 08:59:59.999,118.36500147,9290,9195153.00000000,58.19613165,0
315,2020-04-02 09:00:00.000,0.00000613,0.00000618,0.00000593,0.00000607,24244993.00000000,2020-04-03 08:59:59.999,147.36457897,10856,11828855.00000000,71.91541259,0
316,2020-04-03 09:00:00.000,0.00000607,0.00000614,0.00000599,0.00000614,22061037.00000000,2020-04-04 08:59:59.999,133.97864291,9217,10484188.00000000,63.73123677,0
317,2020-04-04 09:00:00.000,0.00000615,0.00000616,0.00000603,0.00000610,17070695.00000000,2020-04-05 08:59:59.999,104.17312857,8280,8677455.00000000,53.00187315,0
318,2020-04-05 09:00:00.000,0.00000610,0.00000643,0.00000609,0.00000642,24030978.00000000,2020-04-06 08:59:59.999,150.01500337,9885,13903079.00000000,86.96763303,0
319,2020-04-06 09:00:00.000,0.00000642,0.00000693,0.00000640,0.00000680,82743197.00000000,2020-04-07 08:59:59.999,554.89049614,29175,42723636.00000000,286.60761051,0
320,2020-04-07 09:00:00.000,0.00000680,0.00000698,0.00000666,0.00000673,47810161.00000000,2020-04-08 08:59:59.999,326.33585424,20915,23567553.00000000,160.98376930,0
321,2020-04-08 09:00:00.000,0.00000673,0.00000698,0.00000669,0.00000696,24192373.00000000,2020-04-09 08:59:59.999,165.36569497,15306,12381168.00000000,84.64028427,0
322,2020-04-09 09:00:00.000,0.00000697,0.00000719,0.00000681,0.00000713,33795721.00000000,2020-04-10 08:59:59.999,235.65021901,16239,17222558.00000000,120.08636546,0
323,2020-04-10 09:00:00.000,0.00000714,0.00000717,0.00000672,0.00000695,41231577.00000000,2020-04-11 08:59:59.999,285.93206588,22122,19144548.00000000,132.85268084,0
324,2020-04-11 09:00:00.000,0.00000695,0.00000734,0.00000692,0.00000723,39711967.00000000,2020-04-12 08:59:59.999,284.84913530,18978,18643959.00000000,133.55376195,0
325,2020-04-12 09:00:00.000,0.00000723,0.00000728,0.00000699,0.00000708,34642046.00000000,2020-04-13 08:59:59.999,247.59669338,14452,18757302.00000000,134.08235200,0
326,2020-04-13 09:00:00.000,0.00000708,0.00000714,0.00000693,0.00000704,29040193.00000000,2020-04-14 08:59:59.999,204.14672924,15340,14475626.00000000,101.80082242,0
327,2020-04-14 09:00:00.000,0.00000704,0.00000711,0.00000696,0.00000700,16376811.00000000,2020-04-15 08:59:59.999,115.04066846,8922,7360550.00000000,51.71879122,0
328,2020-04-15 09:00:00.000,0.00000700,0.00000710,0.00000694,0.00000695,11992163.00000000,2020-04-16 08:59:59.999,84.05112628,7621,6394318.00000000,44.84007437,0
329,2020-04-16 09:00:00.000,0.00000695,0.00000702,0.00000683,0.00000692,27815980.00000000,2020-04-17 08:59:59.999,192.64418931,17084,13276099.00000000,92.02273794,0
330,2020-04-17 09:00:00.000,0.00000692,0.00000697,0.00000686,0.00000692,11060103.00000000,2020-04-18 08:59:59.999,76.48735760,7707,5624320.00000000,38.91288303,0
331,2020-04-18 09:00:00.000,0.00000692,0.00000705,0.00000691,0.00000698,25384167.00000000,2020-04-19 08:59:59.999,176.72098754,9665,14145546.00000000,98.58505334,0
332,2020-04-19 09:00:00.000,0.00000697,0.00000701,0.00000683,0.00000685,16865495.00000000,2020-04-20 08:59:59.999,116.62233434,9599,7284860.00000000,50.40983749,0
333,2020-04-20 09:00:00.000,0.00000686,0.00000755,0.00000683,0.00000725,75176828.00000000,2020-04-21 08:59:59.999,547.27826919,32754,40515498.00000000,294.94828443,0
334,2020-04-21 09:00:00.000,0.00000724,0.00000752,0.00000721,0.00000744,28015205.00000000,2020-04-22 08:59:59.999,205.62380329,14560,15494989.00000000,113.85497710,0
335,2020-04-22 09:00:00.000,0.00000744,0.00000778,0.00000741,0.00000772,42473605.00000000,2020-04-23 08:59:59.999,323.31493925,19707,21208207.00000000,161.56083304,0
336,2020-04-23 09:00:00.000,0.00000772,0.00000876,0.00000771,0.00000830,152296427.00000000,2020-04-24 08:59:59.999,1269.38727583,63342,75261557.00000000,626.89512408,0
337,2020-04-24 09:00:00.000,0.00000831,0.00000874,0.00000805,0.00000815,67021079.00000000,2020-04-25 08:59:59.999,561.45834952,30812,33976472.00000000,284.96282263,0
338,2020-04-25 09:00:00.000,0.00000816,0.00000835,0.00000813,0.00000820,25686691.00000000,2020-04-26 08:59:59.999,211.62513765,12650,13494127.00000000,111.18656803,0
339,2020-04-26 09:00:00.000,0.00000820,0.00000830,0.00000804,0.00000805,31438983.00000000,2020-04-27 08:59:59.999,256.28063234,14938,14332456.00000000,116.92327563,0
340,2020-04-27 09:00:00.000,0.00000805,0.00000887,0.00000798,0.00000865,54090604.00000000,2020-04-28 08:59:59.999,453.07551595,27093,28536891.00000000,239.25719240,0
341,2020-04-28 09:00:00.000,0.00000865,0.00000928,0.00000863,0.00000885,129405484.00000000,2020-04-29 08:59:59.999,1154.49531563,44325,61967720.00000000,552.94751168,0
342,2020-04-29 09:00:00.000,0.00000885,0.00000886,0.00000806,0.00000823,96228686.00000000,2020-04-30 08:59:59.999,821.23862970,40380,44116168.00000000,377.27849805,0
343,2020-04-30 09:00:00.000,0.00000822,0.00000844,0.00000741,0.00000782,113907618.00000000,2020-05-01 08:59:59.999,898.04406508,51156,56668414.00000000,446.55851857,0
344,2020-05-01 09:00:00.000,0.00000783,0.00000838,0.00000780,0.00000826,75924903.00000000,2020-05-02 08:59:59.999,618.64389650,29861,34827109.00000000,283.74135020,0
345,2020-05-02 09:00:00.000,0.00000826,0.00000858,0.00000804,0.00000842,64815828.00000000,2020-05-03 08:59:59.999,538.76813754,27691,32328449.00000000,269.15611196,0
346,2020-05-03 09:00:00.000,0.00000842,0.00000852,0.00000806,0.00000821,47779678.00000000,2020-05-04 08:59:59.999,393.49872612,22826,21882573.00000000,180.36886423,0
347,2020-05-04 09:00:00.000,0.00000820,0.00000837,0.00000782,0.00000826,69688823.00000000,2020-05-05 08:59:59.999,563.33427763,31962,33262350.00000000,269.09099803,0
348,2020-05-05 09:00:00.000,0.00000827,0.00000833,0.00000798,0.00000800,31711804.00000000,2020-05-06 08:59:59.999,257.99928547,16077,15102276.00000000,122.92746322,0
349,2020-05-06 09:00:00.000,0.00000799,0.00000809,0.00000760,0.00000761,46460899.00000000,2020-05-07 08:59:59.999,364.80398822,19715,20992831.00000000,164.90968531,0
350,2020-05-07 09:00:00.000,0.00000762,0.00000785,0.00000717,0.00000722,52547565.00000000,2020-05-08 08:59:59.999,395.32842584,24835,24049834.00000000,180.94259518,0
351,2020-05-08 09:00:00.000,0.00000722,0.00000749,0.00000714,0.00000740,50408895.00000000,2020-05-09 08:59:59.999,368.44731494,20214,24318253.00000000,177.85352117,0
352,2020-05-09 09:00:00.000,0.00000740,0.00000757,0.00000730,0.00000749,39971464.00000000,2020-05-10 08:59:59.999,297.66111423,15455,18028904.00000000,134.35225076,0
353,2020-05-10 09:00:00.000,0.00000749,0.00000762,0.00000702,0.00000734,88893411.00000000,2020-05-11 08:59:59.999,654.49051411,33426,41694191.00000000,307.36901340,0
354,2020-05-11 09:00:00.000,0.00000734,0.00000742,0.00000705,0.00000728,52032675.00000000,2020-05-12 08:59:59.999,377.25212439,15259,26185302.00000000,190.13292551,0
355,2020-05-12 09:00:00.000,0.00000729,0.00000799,0.00000723,0.00000796,64068319.00000000,2020-05-13 08:59:59.999,490.22045918,20198,32059228.00000000,245.28111956,0
356,2020-05-13 09:00:00.000,0.00000796,0.00000797,0.00000745,0.00000750,52417235.00000000,2020-05-14 08:59:59.999,403.74937936,15212,23867271.00000000,184.03099774,0
357,2020-05-14 09:00:00.000,0.00000750,0.00000760,0.00000702,0.00000708,53261617.00000000,2020-05-15 08:59:59.999,387.38376561,16352,26579564.00000000,193.69148143,0
358,2020-05-15 09:00:00.000,0.00000708,0.00000736,0.00000705,0.00000722,37286546.00000000,2020-05-16 08:59:59.999,269.31000510,12810,18631744.00000000,134.69581548,0
359,2020-05-16 09:00:00.000,0.00000723,0.00000730,0.00000711,0.00000725,27189824.00000000,2020-05-17 08:59:59.999,196.09424989,8304,14146366.00000000,102.08144721,0
360,2020-05-17 09:00:00.000,0.00000726,0.00000736,0.00000710,0.00000711,29679826.00000000,2020-05-18 08:59:59.999,214.54089653,10194,13889066.00000000,100.47448715,0
361,2020-05-18 09:00:00.000,0.00000710,0.00000731,0.00000703,0.00000722,34672816.00000000,2020-05-19 08:59:59.999,249.41332068,12741,17684915.00000000,127.28093093,0
362,2020-05-19 09:00:00.000,0.00000721,0.00000725,0.00000707,0.00000713,23975828.00000000,2020-05-20 08:59:59.999,171.80703023,9674,11193657.00000000,80.22229570,0
363,2020-05-20 09:00:00.000,0.00000713,0.00000750,0.00000711,0.00000746,49496837.00000000,2020-05-21 08:59:59.999,361.42963040,15911,22483843.00000000,164.26772951,0
364,2020-05-21 09:00:00.000,0.00000746,0.00000752,0.00000715,0.00000734,44977143.00000000,2020-05-22 08:59:59.999,329.54335850,15588,20840774.00000000,152.74496616,0
365,2020-05-22 09:00:00.000,0.00000733,0.00000752,0.00000727,0.00000743,40748927.00000000,2020-05-23 08:59:59.999,302.56904047,14364,18985138.00000000,141.15675957,0
366,2020-05-23 09:00:00.000,0.00000743,0.00000746,0.00000731,0.00000732,21437339.00000000,2020-05-24 08:59:59.999,157.76466008,8293,10555106.00000000,77.72374211,0
367,2020-05-24 09:00:00.000,0.00000731,0.00000743,0.00000729,0.00000733,27256973.00000000,2020-05-25 08:59:59.999,200.13159760,9924,11929785.00000000,87.66397394,0
368,2020-05-25 09:00:00.000,0.00000734,0.00000744,0.00000730,0.00000744,34762487.00000000,2020-05-26 08:59:59.999,256.49802022,11610,17654997.00000000,130.36994350,0
369,2020-05-26 09:00:00.000,0.00000744,0.00000746,0.00000729,0.00000735,21117438.00000000,2020-05-27 08:59:59.999,155.22573271,8889,8516838.00000000,62.63717908,0
370,2020-05-27 09:00:00.000,0.00000735,0.00000750,0.00000716,0.00000718,56859542.00000000,2020-05-28 08:59:59.999,417.04678184,15597,27234840.00000000,199.84247910,0
371,2020-05-28 09:00:00.000,0.00000717,0.00000735,0.00000704,0.00000721,34475726.00000000,2020-05-29 08:59:59.999,247.21959838,15192,15414146.00000000,110.71766007,0
372,2020-05-29 09:00:00.000,0.00000721,0.00000734,0.00000710,0.00000719,31270141.00000000,2020-05-30 08:59:59.999,224.69605393,12544,16115991.00000000,115.83966240,0
373,2020-05-30 09:00:00.000,0.00000719,0.00000763,0.00000715,0.00000748,54984564.00000000,2020-05-31 08:59:59.999,406.14344181,19597,28727155.00000000,212.30098931,0
374,2020-05-31 09:00:00.000,0.00000748,0.00000798,0.00000728,0.00000746,135372209.00000000,2020-06-01 08:59:59.999,1042.70960026,41445,64753515.00000000,499.73072226,0
375,2020-06-01 09:00:00.000,0.00000746,0.00000794,0.00000734,0.00000743,98815643.00000000,2020-06-02 08:59:59.999,760.80147687,35833,51228633.00000000,394.20879388,0
376,2020-06-02 09:00:00.000,0.00000741,0.00000852,0.00000740,0.00000836,188633106.00000000,2020-06-03 08:59:59.999,1521.65797137,60661,95332223.00000000,768.38753817,0
377,2020-06-03 09:00:00.000,0.00000836,0.00000874,0.00000810,0.00000856,101277060.00000000,2020-06-04 08:59:59.999,853.93257165,32988,49152075.00000000,414.73400717,0
378,2020-06-04 09:00:00.000,0.00000857,0.00000892,0.00000827,0.00000838,113420983.00000000,2020-06-05 08:59:59.999,974.93714428,39014,50133782.00000000,431.21291765,0
379,2020-06-05 09:00:00.000,0.00000838,0.00000845,0.00000815,0.00000820,54858793.00000000,2020-06-06 08:59:59.999,455.94652440,20718,25612406.00000000,212.96441445,0
380,2020-06-06 09:00:00.000,0.00000820,0.00000841,0.00000817,0.00000825,37449740.00000000,2020-06-07 08:59:59.999,310.70753430,16054,17659610.00000000,146.60514363,0
381,2020-06-07 09:00:00.000,0.00000824,0.00000833,0.00000801,0.00000808,39741747.00000000,2020-06-08 08:59:59.999,324.09882899,15826,18679984.00000000,152.41494138,0
382,2020-06-08 09:00:00.000,0.00000808,0.00000828,0.00000803,0.00000819,29946154.00000000,2020-06-09 08:59:59.999,244.44103719,11454,14621666.00000000,119.41870809,0
383,2020-06-09 09:00:00.000,0.00000818,0.00000824,0.00000793,0.00000801,41123883.00000000,2020-06-10 08:59:59.999,332.00299563,16665,17822490.00000000,143.96577219,0
384,2020-06-10 09:00:00.000,0.00000800,0.00000811,0.00000788,0.00000798,53640734.00000000,2020-06-11 08:59:59.999,429.52579780,18240,23389600.00000000,187.49984144,0
385,2020-06-11 09:00:00.000,0.00000798,0.00000803,0.00000750,0.00000766,81020691.00000000,2020-06-12 08:59:59.999,628.83420220,29662,34208589.00000000,265.62943560,0
386,2020-06-12 09:00:00.000,0.00000767,0.00000786,0.00000761,0.00000769,30344684.00000000,2020-06-13 08:59:59.999,234.99336205,12043,14574604.00000000,112.92971441,0
387,2020-06-13 09:00:00.000,0.00000769,0.00000787,0.00000764,0.00000782,25531876.00000000,2020-06-14 08:59:59.999,198.28165680,12498,13147523.00000000,102.17754455,0
388,2020-06-14 09:00:00.000,0.00000782,0.00000783,0.00000754,0.00000758,24364927.00000000,2020-06-15 08:59:59.999,187.28235269,11815,10795353.00000000,83.13613531,0
389,2020-06-15 09:00:00.000,0.00000757,0.00000759,0.00000669,0.00000754,61065788.00000000,2020-06-16 08:59:59.999,450.14083865,24410,29423874.00000000,216.72035509,0
390,2020-06-16 09:00:00.000,0.00000753,0.00000756,0.00000739,0.00000748,24777997.00000000,2020-06-17 08:59:59.999,185.17247426,10673,12104261.00000000,90.53416619,0
391,2020-06-17 09:00:00.000,0.00000749,0.00000781,0.00000744,0.00000759,47635705.00000000,2020-06-18 08:59:59.999,362.90388293,19683,20133045.00000000,153.38465990,0
392,2020-06-18 09:00:00.000,0.00000759,0.00000766,0.00000743,0.00000752,28455081.00000000,2020-06-19 08:59:59.999,214.27094431,11232,13916061.00000000,104.86898715,0
393,2020-06-19 09:00:00.000,0.00000752,0.00000756,0.00000738,0.00000747,22375909.00000000,2020-06-20 08:59:59.999,167.07522507,9928,9791639.00000000,73.14450715,0
394,2020-06-20 09:00:00.000,0.00000747,0.00000754,0.00000734,0.00000746,18386322.00000000,2020-06-21 08:59:59.999,136.91112224,8229,8219665.00000000,61.23394782,0
395,2020-06-21 09:00:00.000,0.00000746,0.00000749,0.00000735,0.00000737,16499341.00000000,2020-06-22 08:59:59.999,122.42353032,7217,6481046.00000000,48.14821577,0
396,2020-06-22 09:00:00.000,0.00000737,0.00000755,0.00000735,0.00000742,33641720.00000000,2020-06-23 08:59:59.999,250.86546815,11677,14849884.00000000,110.75280202,0
397,2020-06-23 09:00:00.000,0.00000742,0.00000748,0.00000729,0.00000739,32618503.00000000,2020-06-24 08:59:59.999,240.44791841,13003,15144816.00000000,111.67015700,0
398,2020-06-24 09:00:00.000,0.00000739,0.00000752,0.00000730,0.00000741,35095865.00000000,2020-06-25 08:59:59.999,259.86849831,13036,16748818.00000000,124.02536708,0
399,2020-06-25 09:00:00.000,0.00000742,0.00000742,0.00000723,0.00000731,25438857.00000000,2020-06-26 08:59:59.999,186.38682630,9062,9882282.00000000,72.46377276,0
400,2020-06-26 09:00:00.000,0.00000730,0.00000742,0.00000723,0.00000731,24158423.00000000,2020-06-27 08:59:59.999,176.86614597,9561,11696414.00000000,85.67191561,0
401,2020-06-27 09:00:00.000,0.00000731,0.00000731,0.00000663,0.00000697,39318597.00000000,2020-06-28 08:59:59.999,275.32470232,14931,17836831.00000000,124.80626356,0
402,2020-06-28 09:00:00.000,0.00000697,0.00000711,0.00000688,0.00000704,28595333.00000000,2020-06-29 08:59:59.999,200.39781877,8191,13187667.00000000,92.48793966,0
403,2020-06-29 09:00:00.000,0.00000705,0.00000711,0.00000693,0.00000708,24034401.00000000,2020-06-30 08:59:59.999,168.81935773,9197,11536728.00000000,81.10725692,0
404,2020-06-30 09:00:00.000,0.00000708,0.00000736,0.00000700,0.00000733,26430819.00000000,2020-07-01 08:59:59.999,190.97117981,9387,13702671.00000000,98.99248918,0
405,2020-07-01 09:00:00.000,0.00000733,0.00000748,0.00000724,0.00000741,29736120.00000000,2020-07-02 08:59:59.999,219.07880024,10407,15606359.00000000,114.97654844,0
406,2020-07-02 09:00:00.000,0.00000741,0.00000767,0.00000738,0.00000745,48436273.00000000,2020-07-03 08:59:59.999,364.73945256,16380,23497695.00000000,176.99734759,0
407,2020-07-03 09:00:00.000,0.00000744,0.00000754,0.00000731,0.00000740,29519156.00000000,2020-07-04 08:59:59.999,218.82316307,10630,13714902.00000000,101.75200087,0
408,2020-07-04 09:00:00.000,0.00000740,0.00000750,0.00000733,0.00000744,20340343.00000000,2020-07-05 08:59:59.999,150.51046264,6962,9509552.00000000,70.39642812,0
409,2020-07-05 09:00:00.000,0.00000745,0.00000745,0.00000726,0.00000741,20725977.00000000,2020-07-06 08:59:59.999,152.44558804,7992,8785037.00000000,64.70794460,0
410,2020-07-06 09:00:00.000,0.00000741,0.00000775,0.00000726,0.00000768,55525383.00000000,2020-07-07 08:59:59.999,416.71233283,16453,25462143.00000000,191.63212486,0
411,2020-07-07 09:00:00.000,0.00000769,0.00000804,0.00000756,0.00000794,65039260.00000000,2020-07-08 08:59:59.999,506.77034537,19847,33094415.00000000,258.06637520,0
412,2020-07-08 09:00:00.000,0.00000794,0.00000907,0.00000784,0.00000905,156483267.00000000,2020-07-09 08:59:59.999,1330.44730165,46807,80658614.00000000,686.21936140,0
413,2020-07-09 09:00:00.000,0.00000906,0.00001046,0.00000887,0.00000979,510225573.00000000,2020-07-10 08:59:59.999,4978.31838290,123878,242409077.00000000,2364.23351393,0
414,2020-07-10 09:00:00.000,0.00000980,0.00000985,0.00000897,0.00000958,245960234.00000000,2020-07-11 08:59:59.999,2320.55705725,59684,114338967.00000000,1079.62894718,0
415,2020-07-11 09:00:00.000,0.00000959,0.00001097,0.00000954,0.00001018,314360539.00000000,2020-07-12 08:59:59.999,3246.54272110,77377,149545347.00000000,1544.74946365,0
416,2020-07-12 09:00:00.000,0.00001020,0.00001056,0.00000976,0.00001025,138555821.00000000,2020-07-13 08:59:59.999,1400.66026600,37287,66133382.00000000,669.34647984,0
417,2020-07-13 09:00:00.000,0.00001025,0.00001055,0.00000940,0.00000974,186245630.00000000,2020-07-14 08:59:59.999,1878.96228870,49013,90551336.00000000,914.21763326,0
418,2020-07-14 09:00:00.000,0.00000975,0.00001001,0.00000931,0.00000994,109007883.00000000,2020-07-15 08:59:59.999,1059.62219524,31208,50678259.00000000,492.89544258,0
419,2020-07-15 09:00:00.000,0.00000995,0.00001046,0.00000949,0.00001025,234905317.00000000,2020-07-16 08:59:59.999,2366.61712300,55239,111377373.00000000,1122.60684757,0
420,2020-07-16 09:00:00.000,0.00001026,0.00001138,0.00000964,0.00001117,293761400.00000000,2020-07-17 08:59:59.999,3079.58687117,69771,139246979.00000000,1461.59870143,0
421,2020-07-17 09:00:00.000,0.00001117,0.00001179,0.00001085,0.00001136,269640174.00000000,2020-07-18 08:59:59.999,3064.40027264,64418,130594305.00000000,1486.02709683,0
422,2020-07-18 09:00:00.000,0.00001135,0.00001140,0.00001075,0.00001099,112969724.00000000,2020-07-19 08:59:59.999,1249.43870592,32733,50698329.00000000,561.42870579,0
423,2020-07-19 09:00:00.000,0.00001099,0.00001120,0.00001057,0.00001088,81434228.00000000,2020-07-20 08:59:59.999,887.70089209,23618,37806191.00000000,412.47413241,0
424,2020-07-20 09:00:00.000,0.00001086,0.00001110,0.00001021,0.00001030,119668427.00000000,2020-07-21 08:59:59.999,1283.38791237,30152,55364073.00000000,594.22318135,0
425,2020-07-21 09:00:00.000,0.00001030,0.00001053,0.00001007,0.00001028,86788691.00000000,2020-07-22 08:59:59.999,895.07095608,24894,42618429.00000000,439.62029741,0
426,2020-07-22 09:00:00.000,0.00001028,0.00001050,0.00001009,0.00001022,70370832.00000000,2020-07-23 08:59:59.999,724.12700909,19309,32305364.00000000,332.34596121,0
427,2020-07-23 09:00:00.000,0.00001024,0.00001068,0.00001008,0.00001022,99544518.00000000,2020-07-24 08:59:59.999,1032.98353586,26602,45811839.00000000,475.89529494,0
428,2020-07-24 09:00:00.000,0.00001022,0.00001026,0.00000979,0.00001004,65006756.00000000,2020-07-25 08:59:59.999,653.66294711,18799,28825511.00000000,289.99187215,0
429,2020-07-25 09:00:00.000,0.00001001,0.00001048,0.00000997,0.00001040,100755624.00000000,2020-07-26 08:59:59.999,1031.90792829,27352,50283567.00000000,515.21015245,0
430,2020-07-26 09:00:00.000,0.00001039,0.00001092,0.00000984,0.00000996,175394503.00000000,2020-07-27 08:59:59.999,1821.58366280,46402,87791409.00000000,914.16041721,0
431,2020-07-27 09:00:00.000,0.00000997,0.00001000,0.00000820,0.00000858,208298050.00000000,2020-07-28 08:59:59.999,1888.97595593,55591,101839237.00000000,925.16974452,0
432,2020-07-28 09:00:00.000,0.00000859,0.00000898,0.00000835,0.00000890,138519048.00000000,2020-07-29 08:59:59.999,1204.35047653,35754,68147155.00000000,593.20722508,0
433,2020-07-29 09:00:00.000,0.00000891,0.00000909,0.00000836,0.00000856,108920353.00000000,2020-07-30 08:59:59.999,951.60117212,27007,52809926.00000000,460.85146294,0
434,2020-07-30 09:00:00.000,0.00000856,0.00000881,0.00000750,0.00000868,67471257.00000000,2020-07-31 08:59:59.999,584.33320370,18489,30012916.00000000,260.35849544,0
435,2020-07-31 09:00:00.000,0.00000868,0.00000875,0.00000832,0.00000854,46797564.00000000,2020-08-01 08:59:59.999,401.65024863,13761,27748125.00000000,238.11986121,0
436,2020-08-01 09:00:00.000,0.00000855,0.00000940,0.00000851,0.00000911,140926121.00000000,2020-08-02 08:59:59.999,1256.14990426,39222,69807085.00000000,622.28881048,0
437,2020-08-02 09:00:00.000,0.00000912,0.00000973,0.00000816,0.00000927,189360177.00000000,2020-08-03 08:59:59.999,1758.08481442,58844,94434517.00000000,878.19450827,0
438,2020-08-03 09:00:00.000,0.00000926,0.00000965,0.00000920,0.00000937,73379385.00000000,2020-08-04 08:59:59.999,692.68409792,23244,37367515.00000000,352.99010742,0
439,2020-08-04 09:00:00.000,0.00000937,0.00000995,0.00000930,0.00000984,92220401.00000000,2020-08-05 08:59:59.999,890.81041198,26689,45534729.00000000,439.79062076,0
440,2020-08-05 09:00:00.000,0.00000984,0.00000994,0.00000914,0.00000915,71771484.00000000,2020-08-06 08:59:59.999,675.78253327,19763,32553058.00000000,306.73147199,0
441,2020-08-06 09:00:00.000,0.00000915,0.00000922,0.00000893,0.00000903,58764555.00000000,2020-08-07 08:59:59.999,534.09349899,17112,27342787.00000000,248.79759684,0
442,2020-08-07 09:00:00.000,0.00000904,0.00000912,0.00000866,0.00000889,54990986.00000000,2020-08-08 08:59:59.999,492.48921995,16950,24766699.00000000,221.82698334,0
443,2020-08-08 09:00:00.000,0.00000888,0.00000888,0.00000872,0.00000878,35041089.00000000,2020-08-09 08:59:59.999,308.36171821,12562,16395175.00000000,144.35066830,0
444,2020-08-09 09:00:00.000,0.00000878,0.00000917,0.00000872,0.00000900,71049100.00000000,2020-08-10 08:59:59.999,638.84116365,22468,30550757.00000000,274.47934665,0
445,2020-08-10 09:00:00.000,0.00000901,0.00000911,0.00000867,0.00000893,64839468.00000000,2020-08-11 08:59:59.999,573.79768698,19462,29516425.00000000,261.50233329,0
446,2020-08-11 09:00:00.000,0.00000893,0.00000910,0.00000854,0.00000879,66801111.00000000,2020-08-12 08:59:59.999,589.14203814,22082,28402502.00000000,250.84316947,0
447,2020-08-12 09:00:00.000,0.00000879,0.00000889,0.00000853,0.00000877,41829303.00000000,2020-08-13 08:59:59.999,365.32597209,15304,19076405.00000000,166.64404952,0
448,2020-08-13 09:00:00.000,0.00000877,0.00000882,0.00000844,0.00000859,65824025.00000000,2020-08-14 08:59:59.999,567.38893974,25523,31943144.00000000,275.28177876,0
449,2020-08-14 09:00:00.000,0.00000859,0.00000917,0.00000850,0.00000891,105050125.00000000,2020-08-15 08:59:59.999,937.31809968,29761,49746432.00000000,443.95282495,0
450,2020-08-15 09:00:00.000,0.00000890,0.00000918,0.00000869,0.00000904,95392759.00000000,2020-08-16 08:59:59.999,851.59928584,25152,44489950.00000000,397.62595027,0
451,2020-08-16 09:00:00.000,0.00000904,0.00000973,0.00000883,0.00000967,120433685.00000000,2020-08-17 08:59:59.999,1110.38706608,33595,59219345.00000000,547.54615348,0
452,2020-08-17 09:00:00.000,0.00000967,0.00001005,0.00000886,0.00000927,217370337.00000000,2020-08-18 08:59:59.999,2057.75078868,58495,103255382.00000000,979.55016848,0
453,2020-08-18 09:00:00.000,0.00000926,0.00000945,0.00000874,0.00000905,78655516.00000000,2020-08-19 08:59:59.999,720.55925031,25370,34280877.00000000,314.61217500,0
454,2020-08-19 09:00:00.000,0.00000905,0.00000911,0.00000848,0.00000869,84291300.00000000,2020-08-20 08:59:59.999,740.94045021,23535,36195178.00000000,318.53362642,0
455,2020-08-20 09:00:00.000,0.00000868,0.00000906,0.00000858,0.00000905,60539986.00000000,2020-08-21 08:59:59.999,532.73553646,18001,29850948.00000000,262.69773505,0
456,2020-08-21 09:00:00.000,0.00000905,0.00000925,0.00000860,0.00000864,99303075.00000000,2020-08-22 08:59:59.999,882.80094430,28524,48402168.00000000,430.22694175,0
457,2020-08-22 09:00:00.000,0.00000864,0.00000883,0.00000849,0.00000876,55214154.00000000,2020-08-23 08:59:59.999,478.49881235,17138,25873448.00000000,224.17346718,0
458,2020-08-23 09:00:00.000,0.00000878,0.00000885,0.00000853,0.00000884,37853384.00000000,2020-08-24 08:59:59.999,329.02343044,12002,17622494.00000000,153.32729317,0
459,2020-08-24 09:00:00.000,0.00000883,0.00000904,0.00000869,0.00000876,59562880.00000000,2020-08-25 08:59:59.999,528.23163325,16232,26969983.00000000,239.40461443,0
460,2020-08-25 09:00:00.000,0.00000875,0.00000877,0.00000842,0.00000859,65327607.00000000,2020-08-26 08:59:59.999,562.85141183,16818,30349670.00000000,261.76916812,0
461,2020-08-26 09:00:00.000,0.00000859,0.00000874,0.00000853,0.00000855,48014931.00000000,2020-08-27 08:59:59.999,413.89092714,12878,23018462.00000000,198.59867383,0
462,2020-08-27 09:00:00.000,0.00000856,0.00000861,0.00000809,0.00000828,59841022.00000000,2020-08-28 08:59:59.999,499.71727515,17308,25164315.00000000,210.34281491,0
463,2020-08-28 09:00:00.000,0.00000828,0.00000842,0.00000820,0.00000831,26401395.00000000,2020-08-29 08:59:59.999,219.24273359,8669,12587252.00000000,104.62713062,0
464,2020-08-29 09:00:00.000,0.00000830,0.00000845,0.00000823,0.00000839,40901259.00000000,2020-08-30 08:59:59.999,340.86540457,10460,20053046.00000000,167.22764479,0
465,2020-08-30 09:00:00.000,0.00000840,0.00000845,0.00000830,0.00000838,63781788.00000000,2020-08-31 08:59:59.999,534.59340519,13253,31462087.00000000,263.71613369,0
466,2020-08-31 09:00:00.000,0.00000838,0.00000846,0.00000819,0.00000830,41448993.00000000,2020-09-01 08:59:59.999,343.91473808,12029,19305826.00000000,160.32006322,0
467,2020-09-01 09:00:00.000,0.00000830,0.00000843,0.00000806,0.00000829,60886834.00000000,2020-09-02 08:59:59.999,505.57068617,19610,28915279.00000000,240.27510937,0
468,2020-09-02 09:00:00.000,0.00000829,0.00000837,0.00000783,0.00000811,58760898.00000000,2020-09-03 08:59:59.999,477.65258583,20765,25093428.00000000,203.98908009,0
469,2020-09-03 09:00:00.000,0.00000810,0.00000813,0.00000753,0.00000767,73932665.00000000,2020-09-04 08:59:59.999,582.58772394,25150,38360540.00000000,302.67087160,0
470,2020-09-04 09:00:00.000,0.00000767,0.00000789,0.00000735,0.00000772,82767969.00000000,2020-09-05 08:59:59.999,631.68071323,28277,40619237.00000000,310.43355569,0
471,2020-09-05 09:00:00.000,0.00000773,0.00000793,0.00000733,0.00000741,57274451.00000000,2020-09-06 08:59:59.999,435.43181353,19592,26792874.00000000,203.87177861,0
472,2020-09-06 09:00:00.000,0.00000741,0.00000769,0.00000718,0.00000755,41272387.00000000,2020-09-07 08:59:59.999,307.72458901,15236,19488489.00000000,145.48307590,0
473,2020-09-07 09:00:00.000,0.00000755,0.00000771,0.00000744,0.00000758,43589834.00000000,2020-09-08 08:59:59.999,330.00958268,14998,22155490.00000000,167.80499891,0
474,2020-09-08 09:00:00.000,0.00000758,0.00000775,0.00000751,0.00000764,34605083.00000000,2020-09-09 08:59:59.999,264.50284504,13709,15461519.00000000,118.18986648,0
475,2020-09-09 09:00:00.000,0.00000764,0.00000774,0.00000755,0.00000766,20478996.00000000,2020-09-10 08:59:59.999,156.62454270,8242,9074091.00000000,69.41909377,0
476,2020-09-10 09:00:00.000,0.00000766,0.00000795,0.00000764,0.00000784,39529449.00000000,2020-09-11 08:59:59.999,308.34131904,13291,20332214.00000000,158.57976333,0
477,2020-09-11 09:00:00.000,0.00000784,0.00000813,0.00000774,0.00000806,29030744.00000000,2020-09-12 08:59:59.999,230.03958883,10762,15112312.00000000,119.73495801,0
478,2020-09-12 09:00:00.000,0.00000805,0.00000818,0.00000796,0.00000802,21126131.00000000,2020-09-13 08:59:59.999,170.16452050,8793,9277332.00000000,74.80838686,0
479,2020-09-13 09:00:00.000,0.00000804,0.00000804,0.00000763,0.00000775,32002050.00000000,2020-09-14 08:59:59.999,252.13283152,11289,13642914.00000000,107.69832247,0
480,2020-09-14 09:00:00.000,0.00000775,0.00000793,0.00000750,0.00000752,33675736.00000000,2020-09-15 08:59:59.999,258.66852351,10927,15155869.00000000,116.58953868,0
481,2020-09-15 09:00:00.000,0.00000752,0.00000754,0.00000719,0.00000721,39149594.00000000,2020-09-16 08:59:59.999,289.27826068,12156,18467885.00000000,136.58594518,0
482,2020-09-16 09:00:00.000,0.00000720,0.00000748,0.00000703,0.00000730,55983414.00000000,2020-09-17 08:59:59.999,407.91551605,15067,28041329.00000000,204.29734748,0
483,2020-09-17 09:00:00.000,0.00000730,0.00000747,0.00000722,0.00000735,48198005.00000000,2020-09-18 08:59:59.999,353.39841995,10293,21682055.00000000,159.07250851,0
484,2020-09-18 09:00:00.000,0.00000736,0.00000737,0.00000709,0.00000716,33993472.00000000,2020-09-19 08:59:59.999,245.67619785,8968,15459554.00000000,111.80265606,0
485,2020-09-19 09:00:00.000,0.00000715,0.00000719,0.00000700,0.00000708,19387971.00000000,2020-09-20 08:59:59.999,137.56598020,6938,9658763.00000000,68.57812934,0
486,2020-09-20 09:00:00.000,0.00000709,0.00000715,0.00000695,0.00000704,23949087.00000000,2020-09-21 08:59:59.999,168.66288365,7645,10646808.00000000,75.04399267,0
487,2020-09-21 09:00:00.000,0.00000704,0.00000706,0.00000668,0.00000672,37439411.00000000,2020-09-22 08:59:59.999,255.65469762,10673,15775364.00000000,107.76966594,0
488,2020-09-22 09:00:00.000,0.00000671,0.00000689,0.00000666,0.00000680,24648979.00000000,2020-09-23 08:59:59.999,166.69123462,7978,11167183.00000000,75.67294039,0
489,2020-09-23 09:00:00.000,0.00000680,0.00000686,0.00000655,0.00000658,28343478.00000000,2020-09-24 08:59:59.999,190.44472151,9338,13079866.00000000,87.94617353,0
490,2020-09-24 09:00:00.000,0.00000658,0.00000673,0.00000646,0.00000656,41841648.00000000,2020-09-25 08:59:59.999,276.24802151,11653,19567232.00000000,129.29286562,0
491,2020-09-25 09:00:00.000,0.00000656,0.00000705,0.00000652,0.00000699,45914500.00000000,2020-09-26 08:59:59.999,310.84231824,13364,23688708.00000000,160.24454384,0
492,2020-09-26 09:00:00.000,0.00000699,0.00000711,0.00000680,0.00000688,23370405.00000000,2020-09-27 08:59:59.999,161.75031390,8235,9236113.00000000,64.08770444,0
493,2020-09-27 09:00:00.000,0.00000688,0.00000691,0.00000671,0.00000681,29833904.00000000,2020-09-28 08:59:59.999,203.34978625,7371,15691319.00000000,106.97761931,0
494,2020-09-28 09:00:00.000,0.00000681,0.00000696,0.00000674,0.00000684,28888231.00000000,2020-09-29 08:59:59.999,198.07826171,8621,13740391.00000000,94.21535857,0
495,2020-09-29 09:00:00.000,0.00000684,0.00000697,0.00000675,0.00000684,20968423.00000000,2020-09-30 08:59:59.999,143.72146244,8817,9545098.00000000,65.49343791,0
496,2020-09-30 09:00:00.000,0.00000683,0.00000699,0.00000675,0.00000695,21878186.00000000,2020-10-01 08:59:59.999,149.48116756,7297,9870704.00000000,67.48821594,0
497,2020-10-01 09:00:00.000,0.00000695,0.00000703,0.00000683,0.00000689,31465793.00000000,2020-10-02 08:59:59.999,218.03676763,10460,15242087.00000000,105.75066003,0
498,2020-10-02 09:00:00.000,0.00000688,0.00000696,0.00000662,0.00000672,30940175.00000000,2020-10-03 08:59:59.999,208.30422044,10745,12837084.00000000,86.47188750,0
499,2020-10-03 09:00:00.000,0.00000672,0.00000681,0.00000669,0.00000675,5857676.00000000,2020-10-04 08:59:59.999,39.58450794,2908,2971310.00000000,20.10453326,0
